Position,Gross
ADMIN; SUPERINTENDENT,"$291,734.99"
ADMIN; TREASURER,"$216,148.67"
ADMIN; DEPUTY SUPERINTENDENT,"$198,731.22"
ADMIN; DIRECTOR SERS,"$175,989.60"
ADMIN; CHIEF ACADEMIC OFFICER,"$175,704.02"
DIRECTOR SERS,"$174,853.51"
ADMIN; CHIEF HR OFFICER,"$169,947.09"
CMF; CUSTODIAN,"$156,815.88"
CMF; MAINTENANCE,"$156,287.13"
ADMIN; HS PRINCIPAL,"$153,362.00"
CMF; MAINTENANCE,"$153,281.11"
ADMIN; DIRECTOR SERS,"$150,114.50"
TEACHER,"$149,146.97"
ADMIN; DIRECTOR SERS,"$147,344.80"
TEACHER,"$147,127.82"
TEACHER,"$146,189.01"
TEACHER,"$145,530.96"
TEACHER,"$145,219.67"
TEACHER,"$143,480.25"
INTERVENTION SPECIALIST; TEACHER,"$142,484.25"
ADMIN; HS PRINCIPAL,"$141,292.50"
TEACHER,"$140,958.36"
LITERACY SPECIALIST; TEACHER,"$140,760.54"
ADMIN; DIRECTOR STRS,"$140,538.70"
TEACHER,"$139,137.00"
ADMIN; ES & MS PRINCIPAL,"$138,816.00"
TEACHER,"$138,394.96"
TEACHER,"$138,027.43"
ADMIN; HS PRINCIPAL,"$136,906.30"
ADMIN; ES & MS PRINCIPAL,"$136,816.00"
INTERVENTION SPECIALIST; TEACHER,"$136,686.96"
TEACHER,"$136,260.64"
ADMIN; DIRECTOR STRS,"$136,171.80"
GUIDANCE COUNSELOR MS 197; TEACHER,"$134,713.35"
TEACHER,"$134,458.46"
GUIDANCE COUNSELOR ES 191; TEACHER,"$134,155.16"
GUIDANCE COUNSELOR HS 200; TEACHER,"$134,112.41"
TEACHER,"$134,025.00"
ADMIN; DIRECTOR STRS,"$133,899.50"
LIBRARY/MEDIA SPC ES; TEACHER,"$133,661.58"
TEACHER,"$133,640.11"
TEACHER,"$133,606.00"
TEACHER,"$133,316.14"
TEACHER,"$133,128.25"
TEACHER,"$132,973.04"
LITERACY SPECIALIST; TEACHER,"$132,966.54"
GUIDANCE COUNSELOR MS 197; TEACHER,"$132,868.61"
INTERVENTION SPECIALIST; TEACHER,"$132,790.79"
TEACHER,"$132,712.64"
TEACHER,"$132,688.64"
LITERACY SPECIALIST; TEACHER,"$132,578.04"
MATH SPECIALIST; TEACHER,"$132,248.39"
TEACHER,"$132,224.50"
TEACHER,"$132,116.25"
TEACHER,"$131,875.76"
ADMIN; DIRECTOR SERS,"$131,832.62"
TEACHER,"$131,373.50"
TEACHER,"$131,349.96"
TEACHER,"$131,320.46"
TEACHER,"$131,242.96"
TEACHER,"$131,185.16"
TEACHER,"$131,144.00"
TEACHER,"$131,083.50"
TEACHER,"$130,989.96"
TEACHER,"$130,958.00"
TEACHER,"$130,925.29"
LITERACY SPECIALIST; TEACHER,"$130,818.25"
TEACHER,"$130,742.64"
TEACHER,"$130,689.81"
EL SPECIALIST; TEACHER,"$130,662.96"
TEACHER,"$130,543.04"
TEACHER,"$130,476.91"
TEACHER,"$130,410.64"
MATH SPECIALIST; TEACHER,"$130,378.96"
ADMIN; DIRECTOR STRS,"$130,350.00"
TEACHER,"$130,308.64"
TEACHER,"$130,242.55"
LITERACY SPECIALIST; TEACHER,"$130,211.04"
TEACHER,"$129,907.64"
TEACHER,"$129,869.15"
TEACHER,"$129,807.25"
ADMIN; ES & MS PRINCIPAL,"$129,686.20"
TEACHER,"$129,581.00"
TEACHER,"$129,555.64"
TEACHER,"$129,447.64"
TEACHER; TEACHER MARKETING,"$129,423.80"
ADMIN; ES & MS PRINCIPAL,"$129,402.40"
LIBRARY/MEDIA SPC HS/MS; TEACHER,"$129,384.59"
TEACHER,"$129,354.00"
ADMIN; ES & MS PRINCIPAL,"$129,334.50"
TEACHER,"$129,316.96"
TEACHER,"$129,284.96"
TEACHER,"$129,251.96"
ADMIN; DIRECTOR STRS,"$129,169.00"
TEACHER,"$129,138.87"
GUIDANCE COUNSELOR ES 191; TEACHER,"$129,108.33"
ADMIN; DIRECTOR STRS,"$129,047.80"
GUIDANCE COUNSELOR MS 197; TEACHER,"$128,986.80"
LIBRARY/MEDIA SPC HS/MS; TEACHER,"$128,918.37"
TEACHER,"$128,879.30"
TEACHER,"$128,721.00"
INTERVENTION SPECIALIST; TEACHER,"$128,713.54"
TEACHER,"$128,660.96"
TEACHER,"$128,656.96"
TEACHER,"$128,655.21"
GUIDANCE COUNSELOR MS 197; TEACHER,"$128,649.05"
TEACHER,"$128,618.64"
TEACHER,"$128,559.87"
TEACHER,"$128,545.66"
TEACHER,"$128,525.65"
MATH SPECIALIST; TEACHER,"$128,512.14"
TEACHER,"$128,348.20"
GUIDANCE COUNSELOR ES 191,"$128,298.33"
TEACHER,"$128,230.04"
TEACHER,"$128,207.43"
LITERACY SPECIALIST; TEACHER,"$128,173.79"
GUIDANCE COUNSELOR HS 200; TEACHER,"$128,127.17"
TEACHER,"$128,049.04"
TEACHER,"$127,878.96"
MATH SPECIALIST; TEACHER,"$127,874.00"
INTERVENTION SPECIALIST; TEACHER,"$127,819.04"
TEACHER,"$127,804.86"
INTERVENTION SPECIALIST; TEACHER,"$127,770.54"
TEACHER,"$127,669.50"
TEACHER,"$127,648.38"
TEACHER,"$127,563.83"
GUIDANCE COUNSELOR MS 197,"$127,518.20"
TEACHER,"$127,518.00"
TEACHER,"$127,491.96"
TEACHER,"$127,490.00"
TEACHER,"$127,486.98"
TEACHER,"$127,459.00"
TEACHER,"$127,410.01"
LIBRARY/MEDIA SPC ES; TEACHER,"$127,397.66"
TEACHER,"$127,367.00"
TEACHER,"$127,344.00"
TEACHER,"$127,324.39"
TEACHER,"$127,311.33"
CMF; CUSTODIAN,"$127,293.00"
LITERACY SPECIALIST; TEACHER,"$127,214.14"
TEACHER,"$127,178.46"
INTERVENTION SPECIALIST; TEACHER,"$127,158.54"
MATH SPECIALIST; TEACHER,"$127,138.64"
TEACHER,"$127,129.63"
TEACHER,"$127,111.50"
ADMIN; DIRECTOR SERS,"$127,104.59"
TEACHER,"$127,101.75"
TEACHER,"$127,076.04"
TEACHER,"$126,960.14"
TEACHER,"$126,957.00"
TEACHER,"$126,946.14"
TEACHER,"$126,926.96"
TEACHER,"$126,920.04"
TEACHER,"$126,916.96"
TEACHER,"$126,907.79"
TEACHER,"$126,857.86"
TEACHER,"$126,845.71"
ADMIN; DIRECTOR STRS,"$126,834.10"
TEACHER,"$126,737.04"
LITERACY SPECIALIST; TEACHER,"$126,689.79"
TEACHER,"$126,638.64"
TEACHER,"$126,620.71"
TEACHER,"$126,612.14"
LIBRARY/MEDIA SPC ES; TEACHER,"$126,610.21"
TEACHER,"$126,581.96"
TEACHER,"$126,581.96"
INTERVENTION SPECIALIST; TEACHER,"$126,580.25"
TEACHER,"$126,576.96"
TEACHER,"$126,522.04"
TEACHER,"$126,504.46"
TEACHER,"$126,504.46"
TEACHER,"$126,503.96"
TEACHER,"$126,426.96"
TEACHER,"$126,426.96"
TEACHER,"$126,426.96"
TEACHER,"$126,426.96"
TEACHER,"$126,426.96"
TEACHER,"$126,334.43"
TEACHER,"$126,331.04"
INTERVENTION SPECIALIST; TEACHER,"$126,326.00"
MATH SPECIALIST; TEACHER,"$126,325.00"
TEACHER,"$126,321.29"
INTERVENTION SPECIALIST; TEACHER,"$126,306.96"
TEACHER,"$126,293.00"
ADMIN; DIRECTOR STRS,"$126,274.80"
TEACHER,"$126,246.04"
MATH SPECIALIST; TEACHER,"$126,173.68"
INTERVENTION SPECIALIST; TEACHER,"$126,134.96"
TEACHER,"$126,098.64"
TEACHER,"$126,091.96"
INTERVENTION SPECIALIST; TEACHER,"$126,083.21"
TEACHER,"$126,076.96"
TEACHER,"$126,036.75"
TEACHER,"$126,008.38"
TEACHER,"$125,992.96"
TEACHER,"$125,981.50"
INTERVENTION SPECIALIST; TEACHER,"$125,976.96"
TEACHER,"$125,946.98"
TEACHER,"$125,870.50"
ADMIN; DIRECTOR STRS,"$125,863.92"
TEACHER,"$125,855.54"
TEACHER,"$125,793.00"
TEACHER,"$125,793.00"
TEACHER,"$125,793.00"
EL SPECIALIST; TEACHER,"$125,793.00"
TEACHER,"$125,793.00"
TEACHER,"$125,793.00"
TEACHER,"$125,751.96"
INTERVENTION SPECIALIST; TEACHER,"$125,742.79"
TEACHER,"$125,730.36"
TEACHER,"$125,726.96"
TEACHER,"$125,661.79"
TEACHER,"$125,626.96"
TEACHER,"$125,626.96"
TEACHER,"$125,626.96"
TEACHER,"$125,626.96"
TEACHER,"$125,623.04"
TEACHER,"$125,545.54"
TEACHER,"$125,541.96"
EL SPECIALIST; TEACHER,"$125,536.96"
TEACHER,"$125,521.96"
TEACHER,"$125,506.79"
TEACHER,"$125,493.04"
INTERVENTION SPECIALIST; TEACHER,"$125,488.64"
TEACHER,"$125,468.04"
TEACHER,"$125,468.04"
TEACHER,"$125,468.04"
TEACHER,"$125,468.04"
MATH SPECIALIST; TEACHER,"$125,466.00"
INTERVENTION SPECIALIST; TEACHER,"$125,438.64"
TEACHER,"$125,437.89"
TEACHER,"$125,427.00"
GUIDANCE COUNSELOR MS 197; TEACHER,"$125,310.59"
TEACHER,"$125,304.46"
TEACHER,"$125,304.46"
TEACHER,"$125,284.39"
TEACHER,"$125,277.54"
TEACHER,"$125,261.00"
EL SPECIALIST; TEACHER,"$125,247.64"
TEACHER,"$125,226.50"
TEACHER,"$125,201.39"
TEACHER,"$125,181.00"
INTERVENTION SPECIALIST; TEACHER,"$125,153.04"
TEACHER,"$125,146.75"
TEACHER,"$125,050.29"
TEACHER,"$124,993.00"
TEACHER,"$124,993.00"
TEACHER,"$124,966.64"
TEACHER,"$124,957.61"
TEACHER,"$124,873.04"
TEACHER,"$124,810.54"
TEACHER,"$124,810.54"
TEACHER,"$124,810.25"
TEACHER,"$124,770.00"
INTERVENTION SPECIALIST; TEACHER,"$124,713.39"
TEACHER,"$124,705.68"
TEACHER,"$124,693.04"
TEACHER,"$124,691.50"
TEACHER,"$124,682.64"
TEACHER,"$124,668.04"
TEACHER,"$124,668.04"
TEACHER,"$124,668.04"
TEACHER,"$124,668.04"
TEACHER,"$124,668.04"
TEACHER,"$124,668.04"
TEACHER,"$124,668.04"
TEACHER,"$124,668.04"
TEACHER,"$124,655.54"
TEACHER,"$124,655.54"
LITERACY SPECIALIST; TEACHER,"$124,596.64"
TEACHER,"$124,593.00"
INTERVENTION SPECIALIST,"$124,593.00"
LITERACY SPECIALIST; TEACHER,"$124,586.75"
TEACHER,"$124,586.27"
TEACHER,"$124,578.04"
TEACHER,"$124,500.54"
LITERACY SPECIALIST; TEACHER,"$124,499.36"
TEACHER,"$124,466.64"
TEACHER,"$124,465.36"
LITERACY SPECIALIST; TEACHER,"$124,422.25"
TEACHER,"$124,363.00"
TEACHER,"$124,345.54"
INTERVENTION SPECIALIST; TEACHER,"$124,290.64"
TEACHER,"$124,268.04"
NURSE,"$124,268.04"
TEACHER,"$124,267.64"
TEACHER,"$124,092.72"
TEACHER,"$124,069.39"
TEACHER,"$124,047.64"
TEACHER,"$124,033.64"
TEACHER,"$124,026.87"
TEACHER,"$123,988.24"
TEACHER,"$123,958.00"
INTERVENTION SPECIALIST; TEACHER,"$123,890.64"
TEACHER,"$123,881.00"
CMF; CUSTODIAN; GUIDANCE COUNSELOR HS 200; TEACHER,"$123,872.83"
GUIDANCE COUNSELOR HS 200,"$123,852.67"
TEACHER,"$123,810.68"
TEACHER,"$123,798.64"
TEACHER,"$123,772.83"
TEACHER,"$123,765.64"
INTERVENTION SPECIALIST; TEACHER,"$123,744.39"
ADMIN; DIRECTOR SERS,"$123,739.80"
INTERVENTION SPECIALIST; TEACHER,"$123,715.14"
TEACHER,"$123,683.25"
TEACHER,"$123,667.50"
TEACHER,"$123,608.36"
INTERVENTION SPECIALIST; TEACHER,"$123,601.64"
MATH SPECIALIST; TEACHER,"$123,574.50"
TEACHER,"$123,539.64"
TEACHER,"$123,523.00"
TEACHER,"$123,436.51"
TEACHER,"$123,435.14"
INTERVENTION SPECIALIST; TEACHER,"$123,433.36"
TEACHER,"$123,371.14"
TEACHER,"$123,368.00"
GUIDANCE COUNSELOR HS 200; TEACHER,"$123,360.78"
TEACHER,"$123,348.31"
EL SPECIALIST; TEACHER,"$123,323.14"
TEACHER,"$123,320.25"
TEACHER,"$123,278.36"
TEACHER,"$123,272.75"
TEACHER,"$123,213.00"
TEACHER,"$123,213.00"
TEACHER,"$123,180.25"
TEACHER,"$123,175.14"
INTERVENTION SPECIALIST; TEACHER,"$123,146.14"
TEACHER,"$123,135.50"
INTERVENTION SPECIALIST; TEACHER,"$123,100.00"
TEACHER,"$123,058.39"
TEACHER,"$123,058.00"
TEACHER,"$123,058.00"
INTERVENTION SPECIALIST; TEACHER,"$123,058.00"
TEACHER,"$123,058.00"
TEACHER,"$123,058.00"
TEACHER,"$122,943.64"
TEACHER,"$122,932.64"
TEACHER,"$122,915.47"
TEACHER,"$122,854.50"
INTERVENTION SPECIALIST; TEACHER,"$122,850.89"
TEACHER,"$122,844.25"
TEACHER,"$122,828.75"
GUIDANCE COUNSELOR MS 197; TEACHER,"$122,767.83"
TEACHER,"$122,660.00"
EL SPECIALIST; TEACHER,"$122,607.64"
MATH SPECIALIST; TEACHER,"$122,587.64"
TEACHER,"$122,551.14"
TEACHER,"$122,531.18"
CLAS-NON; NETWORK SPECIALIST,"$122,514.87"
TEACHER,"$122,491.75"
TEACHER,"$122,478.14"
TEACHER,"$122,384.56"
TEACHER,"$122,335.50"
TEACHER,"$122,323.89"
TEACHER,"$122,322.64"
TEACHER,"$122,287.64"
TEACHER,"$122,245.50"
TEACHER,"$122,230.14"
TEACHER,"$122,229.36"
TEACHER,"$122,196.04"
TEACHER,"$122,132.64"
TEACHER,"$122,130.22"
TEACHER,"$122,122.64"
TEACHER,"$122,081.36"
TEACHER,"$122,012.64"
LITERACY SPECIALIST; TEACHER,"$121,994.89"
TEACHER,"$121,977.64"
TEACHER,"$121,961.00"
TEACHER,"$121,958.93"
TEACHER,"$121,935.89"
TEACHER,"$121,924.81"
TEACHER,"$121,909.34"
TEACHER,"$121,900.14"
TEACHER,"$121,900.14"
TEACHER,"$121,900.14"
TEACHER,"$121,900.14"
TEACHER,"$121,900.14"
TEACHER,"$121,900.14"
TEACHER,"$121,872.64"
TEACHER,"$121,860.64"
TEACHER,"$121,858.00"
TEACHER,"$121,841.64"
TEACHER,"$121,826.17"
TEACHER,"$121,822.64"
TEACHER,"$121,822.64"
TEACHER,"$121,822.64"
TEACHER,"$121,822.64"
TEACHER,"$121,822.64"
TEACHER,"$121,822.64"
TEACHER,"$121,822.64"
TEACHER,"$121,733.68"
TEACHER,"$121,640.64"
MATH SPECIALIST; TEACHER,"$121,635.89"
TEACHER,"$121,588.14"
TEACHER,"$121,587.50"
TEACHER,"$121,553.36"
TEACHER,"$121,550.64"
TEACHER,"$121,512.64"
TEACHER,"$121,499.50"
TEACHER,"$121,497.36"
TEACHER,"$121,487.64"
TEACHER,"$121,487.64"
TEACHER,"$121,436.88"
TEACHER,"$121,433.85"
TEACHER,"$121,357.64"
LIBRARY/MEDIA SPC ES; TEACHER,"$121,349.03"
TEACHER,"$121,335.97"
TEACHER,"$121,319.12"
TEACHER,"$121,318.73"
TEACHER,"$121,303.72"
LIBRARY/MEDIA SPC ES; TEACHER,"$121,257.68"
TEACHER,"$121,247.36"
TEACHER,"$121,223.36"
TEACHER,"$121,209.75"
TEACHER,"$121,202.64"
TEACHER,"$121,183.14"
TEACHER,"$121,177.64"
LIBRARY/MEDIA SPC HS/MS; TEACHER,"$121,156.08"
TEACHER,"$121,097.64"
TEACHER,"$121,075.64"
TEACHER,"$121,072.64"
TEACHER,"$121,047.64"
TEACHER,"$121,047.64"
TEACHER,"$121,047.64"
MATH SPECIALIST; TEACHER,"$121,034.68"
TEACHER,"$121,023.92"
TEACHER,"$121,022.64"
TEACHER,"$121,022.64"
TEACHER,"$121,022.64"
TEACHER,"$121,022.64"
TEACHER,"$121,022.64"
TEACHER,"$121,022.64"
TEACHER,"$121,004.00"
EL SPECIALIST; TEACHER,"$120,999.11"
TEACHER,"$120,961.51"
INTERVENTION SPECIALIST; TEACHER,"$120,950.64"
TEACHER,"$120,950.64"
TEACHER,"$120,950.64"
TEACHER,"$120,950.64"
INTERVENTION SPECIALIST; TEACHER,"$120,890.14"
TEACHER,"$120,878.80"
TEACHER,"$120,855.14"
INTERVENTION SPECIALIST; TEACHER,"$120,845.61"
TEACHER,"$120,814.00"
TEACHER,"$120,700.14"
TEACHER,"$120,700.14"
INTERVENTION SPECIALIST; TEACHER,"$120,686.36"
TEACHER,"$120,659.64"
TEACHER,"$120,659.00"
TEACHER,"$120,622.64"
INTERVENTION SPECIALIST,"$120,622.64"
TEACHER,"$120,622.64"
TEACHER,"$120,622.64"
TEACHER MARKETING,"$120,593.83"
TEACHER,"$120,581.50"
TEACHER,"$120,581.50"
TEACHER,"$120,581.50"
TEACHER,"$120,560.64"
TEACHER,"$120,538.18"
EL SPECIALIST; TEACHER,"$120,491.61"
ADMIN; MS & HS ASST PRINCIPAL; TEACHER,"$120,421.56"
TEACHER,"$120,394.00"
TEACHER,"$120,371.68"
TEACHER,"$120,363.50"
TEACHER,"$120,363.00"
TEACHER,"$120,351.36"
TEACHER,"$120,330.18"
TEACHER,"$120,328.11"
TEACHER,"$120,258.00"
TEACHER,"$120,250.64"
LITERACY SPECIALIST; TEACHER,"$120,222.86"
TEACHER,"$120,150.64"
TEACHER,"$120,150.64"
TEACHER,"$120,150.64"
TEACHER,"$120,150.64"
INTERVENTION SPECIALIST; TEACHER,"$120,021.98"
EL SPECIALIST; TEACHER,"$119,881.68"
TEACHER,"$119,859.01"
TEACHER,"$119,828.15"
TEACHER,"$119,828.14"
TEACHER,"$119,828.14"
TEACHER,"$119,826.43"
TEACHER,"$119,805.25"
TEACHER,"$119,804.61"
TEACHER,"$119,781.50"
TEACHER,"$119,779.36"
TEACHER,"$119,750.64"
TEACHER,"$119,717.64"
TEACHER,"$119,704.00"
INTERVENTION SPECIALIST; TEACHER,"$119,686.36"
TEACHER,"$119,617.36"
TEACHER,"$119,580.61"
INTERVENTION SPECIALIST; TEACHER,"$119,566.25"
TEACHER,"$119,462.40"
ADMIN; ES & MS PRINCIPAL,"$119,389.60"
INTERVENTION SPECIALIST,"$119,304.00"
TEACHER,"$119,292.36"
TEACHER,"$119,232.75"
TEACHER,"$119,209.54"
TEACHER,"$119,179.18"
TEACHER,"$119,171.18"
TEACHER,"$119,119.00"
MATH SPECIALIST; TEACHER,"$119,054.14"
TEACHER,"$118,950.93"
TEACHER,"$118,927.36"
TEACHER,"$118,926.68"
INTERVENTION SPECIALIST; TEACHER,"$118,802.62"
TEACHER,"$118,790.85"
INTERVENTION SPECIALIST; TEACHER,"$118,776.68"
ADMIN; ASST DIRECTOR STRS,"$118,770.40"
ADMIN; ES & MS PRINCIPAL,"$118,758.50"
TEACHER,"$118,681.68"
TEACHER,"$118,657.18"
TEACHER,"$118,656.11"
TEACHER,"$118,617.36"
TEACHER,"$118,617.36"
TEACHER,"$118,617.36"
TEACHER,"$118,512.93"
TEACHER,"$118,490.93"
ADMIN; ES & MS PRINCIPAL,"$118,346.60"
INTERVENTION SPECIALIST; TEACHER,"$118,243.64"
EL SPECIALIST; TEACHER,"$118,179.00"
TEACHER,"$118,119.04"
TEACHER,"$118,088.61"
TEACHER,"$118,061.11"
TEACHER,"$118,042.36"
TEACHER,"$117,972.36"
TEACHER,"$117,943.50"
TEACHER,"$117,867.36"
TEACHER,"$117,851.11"
TEACHER,"$117,842.36"
TEACHER,"$117,842.36"
TEACHER,"$117,817.36"
TEACHER,"$117,817.36"
TEACHER,"$117,817.36"
INTERVENTION SPECIALIST; TEACHER,"$117,689.86"
GUIDANCE COUNSELOR HS 200,"$117,681.87"
TEACHER,"$117,622.42"
TEACHER,"$117,615.63"
TEACHER,"$117,587.68"
TEACHER,"$117,577.93"
GUIDANCE COUNSELOR MS 197; TEACHER,"$117,425.50"
EL SPECIALIST,"$117,417.36"
INTERVENTION SPECIALIST,"$117,417.36"
INTERVENTION SPECIALIST,"$117,417.36"
TEACHER,"$117,341.64"
INTERVENTION SPECIALIST; TEACHER,"$117,299.28"
TEACHER,"$117,239.35"
TEACHER,"$117,081.68"
TEACHER,"$117,028.43"
ADMIN; ES & MS PRINCIPAL,"$116,707.50"
TEACHER,"$116,662.93"
TEACHER,"$116,553.68"
LITERACY SPECIALIST; TEACHER,"$116,493.00"
TEACHER,"$116,476.18"
GUIDANCE COUNSELOR HS 200; TEACHER,"$116,327.67"
TEACHER,"$116,295.93"
TEACHER,"$116,100.63"
TEACHER,"$116,076.18"
TEACHER,"$116,061.68"
TEACHER,"$115,996.18"
TEACHER,"$115,992.78"
TEACHER,"$115,991.48"
TEACHER,"$115,894.43"
LIBRARY/MEDIA SPC ES; TEACHER,"$115,833.03"
TEACHER,"$115,784.78"
INTERVENTION SPECIALIST; TEACHER,"$115,763.68"
TEACHER,"$115,763.68"
TEACHER,"$115,763.68"
TEACHER,"$115,763.68"
INTERVENTION SPECIALIST; TEACHER,"$115,763.68"
TEACHER,"$115,763.68"
TEACHER,"$115,763.68"
TEACHER,"$115,763.68"
EL SPECIALIST; TEACHER,"$115,763.68"
TEACHER,"$115,665.00"
TEACHER,"$115,565.64"
TEACHER,"$115,551.18"
TEACHER,"$115,526.64"
TEACHER,"$115,501.18"
ADMIN; ASST DIRECTOR STRS,"$115,438.90"
TEACHER,"$115,295.57"
TEACHER,"$115,204.68"
TEACHER,"$115,074.72"
TEACHER,"$115,063.68"
TEACHER,"$115,016.18"
TEACHER,"$114,963.68"
TEACHER,"$114,963.68"
TEACHER,"$114,871.64"
TEACHER,"$114,791.14"
TEACHER,"$114,642.00"
TEACHER,"$114,641.18"
GUIDANCE COUNSELOR HS 200; TEACHER,"$114,635.48"
INTERVENTION SPECIALIST,"$114,563.68"
INTERVENTION SPECIALIST,"$114,563.68"
EL SPECIALIST,"$114,563.67"
ADMIN; ES & MS PRINCIPAL,"$114,555.40"
ADMIN; HS PRINCIPAL,"$114,545.50"
TEACHER,"$114,374.28"
TEACHER,"$114,250.25"
LITERACY SPECIALIST; TEACHER,"$114,123.39"
INTERVENTION SPECIALIST; TEACHER,"$114,116.00"
TEACHER,"$113,997.46"
TEACHER,"$113,991.00"
TEACHER,"$113,939.78"
TEACHER,"$113,892.00"
TEACHER,"$113,861.25"
TEACHER,"$113,837.00"
TEACHER,"$113,824.39"
TEACHER,"$113,816.25"
TEACHER,"$113,715.00"
ADMIN; ES & MS PRINCIPAL,"$113,699.10"
TEACHER,"$113,683.00"
TEACHER,"$113,672.54"
TEACHER,"$113,612.67"
LIBRARY/MEDIA SPC ES; TEACHER,"$113,586.13"
TEACHER,"$113,542.39"
TEACHER,"$113,516.89"
TEACHER,"$113,486.64"
TEACHER,"$113,438.29"
TEACHER,"$113,400.14"
TEACHER,"$113,384.29"
GUIDANCE COUNSELOR HS 200,"$113,368.64"
EL SPECIALIST; TEACHER,"$113,360.00"
TEACHER,"$113,350.32"
TEACHER,"$113,341.00"
EL SPECIALIST; TEACHER,"$113,180.00"
TEACHER,"$113,179.00"
TEACHER,"$113,177.50"
EL SPECIALIST; TEACHER,"$113,142.50"
CLAS-NON; NETWORK SPECIALIST,"$113,131.14"
TEACHER,"$113,078.50"
INTERVENTION SPECIALIST; TEACHER,"$113,047.00"
INTERVENTION SPECIALIST; TEACHER,"$113,005.00"
TEACHER,"$112,987.50"
INTERVENTION SPECIALIST; TEACHER,"$112,960.64"
GUIDANCE COUNSELOR MS 197,"$112,877.86"
TEACHER,"$112,875.78"
INTERVENTION SPECIALIST; TEACHER,"$112,800.64"
ADMIN; DIRECTOR SERS,"$112,800.40"
TEACHER,"$112,746.90"
INTERVENTION SPECIALIST,"$112,709.28"
TEACHER,"$112,646.03"
TEACHER,"$112,629.36"
INTERVENTION SPECIALIST,"$112,629.36"
INTERVENTION SPECIALIST,"$112,629.36"
TEACHER,"$112,585.04"
TEACHER,"$112,515.00"
TEACHER,"$112,471.39"
TEACHER,"$112,465.79"
TEACHER,"$112,388.50"
TEACHER,"$112,265.00"
TEACHER,"$112,260.00"
TEACHER,"$112,251.54"
TEACHER,"$112,222.00"
INTERVENTION SPECIALIST; TEACHER,"$112,185.04"
TEACHER,"$112,135.00"
ADMIN; SUPERVISOR STRS,"$112,133.80"
TEACHER,"$112,110.00"
ADAPTED PHYS EDUCATION; TEACHER,"$112,110.00"
TEACHER,"$112,110.00"
EL SPECIALIST; TEACHER,"$111,911.61"
ASST DIRECTOR SERS,"$111,885.80"
TEACHER,"$111,867.14"
GUIDANCE COUNSELOR MS 197; TEACHER,"$111,864.84"
TEACHER,"$111,768.29"
TEACHER,"$111,748.74"
TEACHER,"$111,735.00"
INTERVENTION SPECIALIST,"$111,710.00"
EL SPECIALIST,"$111,710.00"
INTERVENTION SPECIALIST,"$111,710.00"
INTERVENTION SPECIALIST; TEACHER,"$111,669.28"
ADMIN; ES & MS PRINCIPAL,"$111,650.80"
INTERVENTION SPECIALIST; TEACHER,"$111,596.68"
GUIDANCE COUNSELOR ES 191; TEACHER,"$111,528.73"
ADMIN; DIRECTOR SERS,"$111,515.40"
GUIDANCE COUNSELOR HS 200,"$111,511.67"
TEACHER,"$111,444.04"
TEACHER,"$111,294.00"
MATH SPECIALIST; TEACHER,"$111,294.00"
TEACHER,"$111,294.00"
TEACHER,"$111,274.64"
MATH SPECIALIST; TEACHER,"$111,264.29"
TEACHER,"$111,232.60"
TEACHER,"$111,232.04"
TEACHER,"$111,186.28"
TEACHER,"$111,133.64"
TEACHER,"$111,054.89"
TEACHER,"$111,042.92"
TEACHER,"$110,994.89"
TEACHER,"$110,976.00"
LIBRARY/MEDIA SPC ES; TEACHER,"$110,939.69"
LITERACY SPECIALIST; TEACHER,"$110,912.89"
TEACHER,"$110,894.70"
TEACHER,"$110,742.64"
TEACHER,"$110,689.97"
GUIDANCE COUNSELOR ES 191,"$110,651.96"
INTERVENTION SPECIALIST; TEACHER,"$110,555.64"
ADMIN; STATISTICIAN,"$110,537.80"
SUP-ACAD; TEACHER,"$110,432.61"
ADMIN; ES & MS PRINCIPAL,"$110,195.00"
INTERVENTION SPECIALIST; TEACHER,"$110,166.18"
ADMIN; DIRECTOR STRS,"$110,162.50"
ADMIN; ASST DIRECTOR STRS,"$110,154.60"
TEACHER,"$110,133.14"
TEACHER,"$110,105.64"
TEACHER,"$110,055.64"
LIBRARY/MEDIA SPC HS/MS; TEACHER,"$109,990.00"
TEACHER,"$109,745.64"
INTERVENTION SPECIALIST; TEACHER,"$109,671.14"
TEACHER,"$109,610.04"
INTERVENTION SPECIALIST; TEACHER,"$109,546.64"
TEACHER,"$109,519.84"
TEACHER,"$109,477.68"
TEACHER,"$109,259.70"
TEACHER,"$109,255.64"
TEACHER,"$109,255.64"
TEACHER,"$109,255.64"
TEACHER,"$109,255.64"
GUIDANCE COUNSELOR HS 200; TEACHER,"$109,219.53"
TEACHER,"$109,158.13"
LIBRARY/MEDIA SPC ES; TEACHER,"$108,987.71"
TEACHER,"$108,875.05"
ADMIN; HS PRINCIPAL,"$108,869.30"
INTERVENTION SPECIALIST,"$108,855.64"
INTERVENTION SPECIALIST,"$108,855.64"
INTERVENTION SPECIALIST,"$108,855.64"
TEACHER,"$108,855.64"
ADMIN; MS & HS ASST PRINCIPAL,"$108,804.30"
TEACHER,"$108,718.39"
INTERVENTION SPECIALIST; TEACHER,"$108,687.68"
TEACHER,"$108,679.64"
TEACHER,"$108,673.93"
INTERVENTION SPECIALIST; TEACHER,"$108,566.46"
CMF,"$108,542.83"
GUIDANCE COUNSELOR ES 191,"$108,536.22"
TEACHER,"$108,518.54"
TEACHER,"$108,451.43"
TEACHER,"$108,408.64"
TEACHER,"$108,404.72"
TEACHER,"$108,389.28"
TEACHER,"$108,383.00"
MATH SPECIALIST; TEACHER,"$108,353.64"
TEACHER,"$108,249.72"
LITERACY SPECIALIST; TEACHER,"$108,229.64"
TEACHER,"$108,123.68"
INTERVENTION SPECIALIST; TEACHER,"$108,086.14"
TEACHER,"$108,059.64"
TEACHER,"$108,012.57"
TEACHER,"$107,849.29"
ADMIN; ASST DIRECTOR SERS,"$107,780.68"
TEACHER,"$107,749.58"
TEACHER,"$107,741.72"
TEACHER,"$107,714.97"
ADMIN; ASST DIRECTOR SERS,"$107,604.10"
TEACHER; TEACHER MARKETING,"$107,573.01"
INTERVENTION SPECIALIST; TEACHER,"$107,567.29"
TEACHER,"$107,557.14"
TEACHER,"$107,527.22"
TEACHER,"$107,520.04"
ADMIN; ES & MS PRINCIPAL,"$107,478.40"
TEACHER,"$107,434.54"
MATH SPECIALIST; TEACHER,"$107,383.86"
TEACHER,"$107,349.71"
INTERVENTION SPECIALIST; TEACHER,"$107,223.75"
TEACHER,"$107,174.16"
TEACHER,"$107,114.64"
TEACHER,"$107,114.32"
TEACHER,"$107,094.64"
TEACHER,"$107,086.11"
TEACHER,"$107,071.96"
TEACHER,"$107,032.68"
ADMIN; SUPERVISOR STRS,"$107,026.50"
TEACHER,"$107,013.04"
INTERVENTION SPECIALIST; TEACHER,"$106,907.97"
TEACHER,"$106,883.97"
EL SPECIALIST PT/JS; TEACHER,"$106,826.98"
INTERVENTION SPECIALIST; TEACHER,"$106,777.04"
TEACHER,"$106,759.13"
TEACHER,"$106,719.68"
TEACHER,"$106,650.96"
INTERVENTION SPECIALIST; TEACHER,"$106,574.46"
TEACHER,"$106,477.04"
ADMIN; ASST DIRECTOR SERS,"$106,464.60"
TEACHER,"$106,427.04"
TEACHER,"$106,402.04"
TEACHER,"$106,402.04"
TEACHER,"$106,402.04"
MATH SPECIALIST; TEACHER,"$106,401.64"
ADMIN; ES & MS PRINCIPAL,"$106,335.40"
TEACHER,"$106,273.64"
TEACHER,"$106,095.03"
DIRECTOR SERS,"$106,093.80"
TEACHER,"$106,065.96"
ADMIN; ASST DIRECTOR STRS,"$106,037.10"
TEACHER,"$106,027.04"
INTERVENTION SPECIALIST,"$106,002.04"
TEACHER,"$106,002.04"
TEACHER,"$105,914.72"
TEACHER,"$105,906.00"
TEACHER,"$105,806.72"
TEACHER,"$105,742.14"
TEACHER,"$105,713.72"
INTERVENTION SPECIALIST; TEACHER,"$105,608.28"
TEACHER,"$105,608.22"
TEACHER,"$105,469.98"
TEACHER,"$105,469.64"
TEACHER,"$105,459.22"
TEACHER,"$105,456.72"
LIBRARY/MEDIA SPC ES; TEACHER,"$105,455.64"
TEACHER,"$105,440.03"
TEACHER,"$105,362.96"
LIBRARY/MEDIA SPC HS/MS; TEACHER,"$105,336.76"
TEACHER,"$105,327.72"
CLAS-NON; NETWORK SPECIALIST,"$105,310.47"
EL SPECIALIST; TEACHER,"$105,149.22"
TEACHER,"$105,094.36"
TEACHER,"$105,001.14"
TEACHER,"$104,910.32"
ADMIN; ES & MS PRINCIPAL,"$104,876.70"
TEACHER,"$104,865.96"
ADMIN; ES & MS PRINCIPAL,"$104,836.00"
ADMIN; MS & HS ASST PRINCIPAL,"$104,799.80"
TEACHER,"$104,753.86"
ADAPTED PHYS EDUCATION; TEACHER,"$104,740.00"
INTERVENTION SPECIALIST; TEACHER,"$104,710.78"
TEACHER,"$104,665.64"
TEACHER,"$104,653.18"
TEACHER,"$104,628.28"
EL SPECIALIST; TEACHER,"$104,568.03"
TEACHER,"$104,524.68"
TEACHER,"$104,517.72"
GUIDANCE COUNSELOR ES 191; TEACHER,"$104,414.62"
LITERACY SPECIALIST; TEACHER,"$104,405.21"
TEACHER,"$104,348.28"
TEACHER,"$104,348.28"
TEACHER,"$104,348.28"
TEACHER,"$104,341.00"
INTERVENTION SPECIALIST; TEACHER,"$104,325.25"
TEACHER,"$104,317.18"
TEACHER,"$104,314.53"
TEACHER,"$104,269.28"
TEACHER,"$104,232.78"
EL SPECIALIST; TEACHER,"$104,224.18"
TEACHER,"$103,999.06"
TEACHER,"$103,969.97"
TEACHER,"$103,969.96"
TEACHER,"$103,924.47"
INTERVENTION SPECIALIST; TEACHER,"$103,853.75"
ADMIN; ASST DIRECTOR STRS,"$103,829.20"
INTERVENTION SPECIALIST; TEACHER,"$103,780.28"
EL SPECIALIST; TEACHER,"$103,707.14"
TEACHER,"$103,673.28"
TEACHER,"$103,598.28"
TEACHER,"$103,573.28"
TEACHER,"$103,556.25"
TEACHER,"$103,548.28"
TEACHER,"$103,548.28"
TEACHER,"$103,548.28"
TEACHER,"$103,429.96"
LITERACY SPECIALIST; TEACHER,"$103,428.00"
TEACHER,"$103,424.96"
EMIS SECRETARY,"$103,407.20"
MATH SPECIALIST; TEACHER,"$103,340.18"
ASST DIRECTOR SERS,"$103,337.50"
ASST DIRECTOR SERS,"$103,337.50"
TEACHER,"$103,305.82"
ADMIN,"$103,190.26"
INTERVENTION SPECIALIST,"$103,148.28"
TEACHER,"$103,124.60"
TEACHER,"$103,094.15"
TEACHER,"$103,084.00"
TEACHER,"$103,019.04"
LIBRARY/MEDIA SPC ES; TEACHER,"$103,014.95"
TEACHER,"$102,962.36"
GUIDANCE COUNSELOR ES 191; TEACHER,"$102,860.36"
CMF; FIELD SERVICE TECH,"$102,824.77"
INTERVENTION SPECIALIST; TEACHER,"$102,814.01"
TEACHER,"$102,763.25"
EL SPECIALIST; TEACHER,"$102,692.67"
INTERVENTION SPECIALIST,"$102,666.04"
TEACHER,"$102,602.32"
INTERVENTION SPECIALIST; TEACHER,"$102,532.96"
ADMIN; MS & HS ASST PRINCIPAL,"$102,316.80"
TEACHER,"$102,300.64"
ADMIN; ES & MS PRINCIPAL,"$102,270.20"
INTERVENTION SPECIALIST,"$102,252.36"
INTERVENTION SPECIALIST,"$102,252.36"
TEACHER,"$102,226.68"
TEACHER,"$102,194.96"
LIBRARY/MEDIA SPC ES; TEACHER,"$102,193.19"
TEACHER,"$102,118.93"
ADMIN; MS & HS ASST PRINCIPAL; TEACHER,"$102,118.76"
LITERACY SPECIALIST; TEACHER,"$102,104.18"
TEACHER,"$102,066.82"
TEACHER,"$102,058.91"
TEACHER,"$102,049.43"
TEACHER,"$101,988.36"
TEACHER,"$101,895.00"
TEACHER,"$101,828.78"
CMF; FIELD SERVICE TECH; SUP-ATHL,"$101,798.66"
TEACHER,"$101,756.96"
TEACHER,"$101,721.82"
EL SPECIALIST; TEACHER,"$101,649.68"
TEACHER,"$101,602.64"
TEACHER,"$101,570.53"
INTERVENTION SPECIALIST; TEACHER,"$101,569.68"
TEACHER,"$101,544.68"
EL SPECIALIST; TEACHER,"$101,544.07"
INTERVENTION SPECIALIST; TEACHER,"$101,494.68"
GUIDANCE COUNSELOR ES 191; TEACHER,"$101,479.56"
EL SPECIALIST; TEACHER,"$101,466.89"
INTERVENTION SPECIALIST; TEACHER,"$101,388.51"
TEACHER,"$101,329.18"
LIBRARY/MEDIA SPC HS/MS; TEACHER,"$101,316.17"
TEACHER,"$101,312.18"
LITERACY SPECIALIST; TEACHER,"$101,194.68"
ADMIN; ASST DIRECTOR STRS,"$101,191.20"
INTERVENTION SPECIALIST; TEACHER,"$101,147.93"
INTERVENTION SPECIALIST; TEACHER,"$100,972.21"
INTERVENTION SPECIALIST,"$100,935.64"
ADMIN; ASST DIRECTOR STRS,"$100,881.20"
ADMIN; MS & HS ASST PRINCIPAL,"$100,828.70"
TEACHER,"$100,822.50"
TEACHER,"$100,821.28"
TEACHER,"$100,719.68"
TEACHER,"$100,694.68"
TEACHER,"$100,694.68"
TEACHER,"$100,694.68"
TEACHER,"$100,694.68"
TEACHER,"$100,694.68"
TEACHER,"$100,694.68"
TEACHER,"$100,660.64"
TEACHER,"$100,619.14"
TEACHER,"$100,607.50"
ADMIN; SUPERVISOR STRS,"$100,596.30"
TEACHER,"$100,512.04"
INTERVENTION SPECIALIST; TEACHER,"$100,372.18"
TEACHER,"$100,366.25"
TEACHER,"$100,357.04"
TEACHER,"$100,352.96"
TEACHER,"$100,319.57"
ADMIN; ES & MS PRINCIPAL,"$100,315.40"
TEACHER,"$100,223.00"
TEACHER,"$99,942.32"
TEACHER,"$99,911.75"
TEACHER,"$99,906.07"
INTERVENTION SPECIALIST; TEACHER,"$99,873.82"
ADMIN; SUPERVISOR STRS,"$99,853.20"
TEACHER,"$99,826.96"
ADMIN; SUPERVISOR STRS,"$99,762.40"
INTERVENTION SPECIALIST,"$99,638.00"
ADMIN; ES ASST PRINCIPAL,"$99,592.40"
TEACHER,"$99,552.97"
ADMIN; MS & HS ASST PRINCIPAL,"$99,369.20"
TEACHER,"$99,355.57"
LITERACY SPECIALIST; TEACHER,"$99,352.46"
INTERVENTION SPECIALIST,"$99,303.64"
TEACHER,"$99,234.54"
TEACHER,"$99,206.14"
TEACHER,"$99,183.00"
TEACHER,"$99,163.82"
MATH SPECIALIST; TEACHER,"$99,130.01"
TEACHER,"$99,095.17"
TEACHER,"$98,981.32"
TEACHER,"$98,980.78"
CMF; CUSTODIAN,"$98,940.84"
CLAS-NON; NETWORK SPECIALIST,"$98,938.42"
TEACHER,"$98,903.84"
TEACHER,"$98,891.32"
TEACHER,"$98,873.82"
TEACHER,"$98,777.89"
TEACHER,"$98,731.32"
TEACHER,"$98,641.32"
TEACHER,"$98,641.32"
TEACHER,"$98,641.32"
INTERVENTION SPECIALIST; TEACHER,"$98,571.14"
TEACHER; TEACHER MARKETING,"$98,507.63"
TEACHER,"$98,441.32"
INTERVENTION SPECIALIST; TEACHER,"$98,409.25"
TEACHER,"$98,357.36"
TEACHER,"$98,347.32"
TEACHER,"$98,329.32"
CLAS-NON; TREASURER'S ASSOCIATE,"$98,246.16"
ADMIN; SUPERVISOR STRS,"$98,216.70"
EMIS SECRETARY,"$98,176.12"
TEACHER,"$98,162.07"
TEACHER,"$98,151.31"
TEACHER,"$98,108.18"
EL SPECIALIST; TEACHER,"$98,103.97"
INTERVENTION SPECIALIST; TEACHER,"$98,094.39"
TEACHER,"$98,092.64"
TEACHER,"$98,022.00"
GUIDANCE COUNSELOR ES 191; TEACHER,"$97,957.20"
TEACHER,"$97,954.61"
TEACHER,"$97,946.99"
TEACHER,"$97,912.96"
TEACHER,"$97,841.32"
TEACHER,"$97,841.32"
TEACHER,"$97,745.00"
TEACHER,"$97,683.01"
CMF; MAINTENANCE,"$97,650.39"
INTERVENTION SPECIALIST; TEACHER,"$97,629.00"
EL SPECIALIST; TEACHER,"$97,596.31"
LITERACY SPECIALIST; TEACHER,"$97,550.36"
INTERVENTION SPECIALIST; TEACHER,"$97,466.32"
INTERVENTION SPECIALIST,"$97,441.32"
INTERVENTION SPECIALIST; TEACHER,"$97,420.25"
INTERVENTION SPECIALIST; TEACHER,"$97,405.71"
TEACHER,"$97,102.64"
ADMIN; ES & MS PRINCIPAL,"$97,016.20"
INTERVENTION SPECIALIST; TEACHER,"$96,987.64"
LIBRARY/MEDIA SPC HS/MS; TEACHER,"$96,985.47"
TEACHER,"$96,975.86"
ADMIN,"$96,922.84"
ADMIN; SUPERVISOR STRS,"$96,822.50"
ADMIN; SUPERVISOR STRS,"$96,796.50"
TEACHER,"$96,717.79"
TEACHER,"$96,637.14"
TEACHER,"$96,602.07"
INTERVENTION SPECIALIST; TEACHER,"$96,593.39"
TEACHER,"$96,535.50"
CMF; CUSTODIAN,"$96,416.22"
ADMIN; ASST DIRECTOR STRS,"$96,395.40"
TEACHER,"$96,381.86"
TEACHER,"$96,370.85"
NURSE; TEACHER,"$96,357.14"
TEACHER,"$96,353.46"
TEACHER,"$96,313.40"
TEACHER,"$96,204.72"
GUIDANCE COUNSELOR HS 200,"$96,086.85"
ADMIN; ASST DIRECTOR STRS,"$96,029.60"
GUIDANCE COUNSELOR MS 197; TEACHER,"$95,973.03"
CLAS-NON; MECHANIC,"$95,898.00"
TEACHER,"$95,884.04"
ADMIN,"$95,853.53"
TEACHER,"$95,787.64"
TEACHER,"$95,787.64"
TEACHER,"$95,787.64"
LITERACY SPECIALIST; TEACHER,"$95,775.14"
ADMIN; SUPERVISOR STRS,"$95,734.80"
ADMIN; MS & HS ASST PRINCIPAL,"$95,727.10"
TEACHER,"$95,666.64"
TEACHER,"$95,618.96"
TEACHER,"$95,610.32"
TEACHER,"$95,607.64"
TEACHER,"$95,597.14"
ADMIN; ASST DIRECTOR STRS,"$95,529.60"
TEACHER,"$95,425.14"
TEACHER,"$95,339.50"
INTERVENTION SPECIALIST; TEACHER,"$95,315.10"
TEACHER,"$95,287.61"
CLAS-NON; NETWORK SPECIALIST,"$95,264.42"
ADMIN; SUPERVISOR SERS,"$95,116.90"
INTERVENTION SPECIALIST; TEACHER,"$95,087.64"
TEACHER,"$95,052.64"
TEACHER,"$95,012.64"
TEACHER,"$94,987.64"
TEACHER,"$94,987.64"
TEACHER,"$94,987.64"
TEACHER,"$94,987.64"
TEACHER,"$94,987.64"
TEACHER,"$94,987.64"
TEACHER,"$94,975.14"
ADMIN; MS & HS ASST PRINCIPAL,"$94,932.45"
INTERVENTION SPECIALIST; TEACHER,"$94,774.81"
TEACHER,"$94,766.05"
INTERVENTION SPECIALIST; TEACHER,"$94,738.73"
TEACHER,"$94,608.03"
INTERVENTION SPECIALIST,"$94,587.64"
INTERVENTION SPECIALIST,"$94,587.64"
INTERVENTION SPECIALIST,"$94,587.64"
INTERVENTION SPECIALIST; TEACHER,"$94,573.49"
TEACHER,"$94,466.68"
TEACHER,"$94,284.39"
TEACHER,"$94,283.36"
TEACHER,"$94,162.60"
TEACHER,"$94,115.68"
INTERVENTION SPECIALIST; TEACHER,"$93,916.21"
CMF; MAINTENANCE,"$93,842.48"
EL SPECIALIST; TEACHER,"$93,801.90"
TEACHER,"$93,790.95"
TEACHER,"$93,618.55"
INTERVENTION SPECIALIST; TEACHER,"$93,612.93"
ADMIN; SUPERVISOR STRS,"$93,584.10"
TEACHER,"$93,506.96"
TEACHER,"$93,469.21"
INTERVENTION SPECIALIST; TEACHER,"$93,455.86"
TEACHER,"$93,435.18"
TEACHER,"$93,421.96"
TEACHER,"$93,350.35"
INTERVENTION SPECIALIST; TEACHER,"$93,319.21"
TEACHER,"$93,261.96"
ADMIN; SUPERVISOR STRS,"$93,175.60"
CLAS-NON; NETWORK SPECIALIST,"$93,085.87"
TEACHER,"$93,072.57"
TEACHER,"$93,011.46"
TEACHER,"$93,011.45"
TEACHER,"$92,958.96"
TEACHER,"$92,933.96"
TEACHER,"$92,891.46"
TEACHER,"$92,889.71"
TEACHER,"$92,865.64"
GUIDANCE COUNSELOR ES 191,"$92,766.45"
TEACHER,"$92,599.96"
INTERVENTION SPECIALIST; TEACHER,"$92,560.86"
TEACHER,"$92,468.66"
TEACHER,"$92,447.20"
TEACHER,"$92,421.54"
INTERVENTION SPECIALIST; TEACHER,"$92,393.00"
TEACHER,"$92,377.96"
ADMIN; SUPERVISOR STRS,"$92,356.00"
CMF; CUSTODIAN,"$92,309.01"
ADMIN; MS & HS ASST PRINCIPAL,"$92,308.30"
TEACHER,"$92,267.64"
INTERVENTION SPECIALIST; TEACHER,"$92,198.96"
TEACHER,"$92,158.96"
ADMIN; ES ASST PRINCIPAL; TEACHER,"$92,119.34"
INTERVENTION SPECIALIST; TEACHER,"$91,981.97"
CMF; CUSTODIAN,"$91,948.05"
TEACHER,"$91,947.11"
CLAS-NON; NETWORK SPECIALIST,"$91,912.09"
NURSE; TEACHER,"$91,892.72"
INTERVENTION SPECIALIST; TEACHER,"$91,891.43"
TEACHER,"$91,886.28"
TEACHER,"$91,827.64"
TEACHER,"$91,733.96"
INTERVENTION SPECIALIST,"$91,733.96"
INTERVENTION SPECIALIST,"$91,733.96"
INTERVENTION SPECIALIST,"$91,733.95"
INTERVENTION SPECIALIST; TEACHER,"$91,710.14"
ADMIN; ES & MS PRINCIPAL,"$91,671.85"
TEACHER,"$91,572.61"
TEACHER,"$91,467.64"
TEACHER,"$91,467.64"
LITERACY SPECIALIST; TEACHER,"$91,316.98"
INTERVENTION SPECIALIST,"$91,302.00"
TEACHER,"$91,244.28"
GUIDANCE COUNSELOR ES 191,"$91,208.35"
TEACHER,"$91,207.40"
TEACHER,"$91,050.82"
TEACHER,"$90,998.90"
GUIDANCE COUNSELOR ES 191; TEACHER,"$90,838.96"
ADMIN; SUPERVISOR STRS,"$90,835.90"
LIBRARY/MEDIA SPC HS/MS; TEACHER,"$90,677.39"
TEACHER,"$90,612.14"
TEACHER,"$90,611.02"
TEACHER,"$90,610.36"
LITERACY SPECIALIST; TEACHER,"$90,565.21"
TEACHER,"$90,543.78"
TEACHER,"$90,537.28"
TEACHER,"$90,494.94"
ADMIN; ASST DIRECTOR SERS,"$90,491.50"
ADMIN; SUPERVISOR STRS; TEACHER,"$90,470.66"
ADMIN; MS & HS ASST PRINCIPAL,"$90,461.30"
MATH SPECIALIST; TEACHER,"$90,433.35"
CLAS-NON; NETWORK SPECIALIST II,"$90,383.58"
TEACHER,"$90,362.78"
TEACHER,"$90,130.01"
EL SPECIALIST; TEACHER,"$90,102.93"
TEACHER,"$90,080.36"
CLAS-NON; TECHNOLOGY SPECIALIST,"$90,060.40"
GUIDANCE COUNSELOR HS 200; TEACHER,"$90,028.81"
TEACHER,"$89,934.64"
GUIDANCE COUNSELOR HS 200,"$89,916.06"
TEACHER,"$89,826.03"
TEACHER,"$89,654.64"
SECRETARY 260,"$89,637.72"
TEACHER,"$89,622.05"
TEACHER,"$89,572.60"
TEACHER,"$89,569.32"
TEACHER,"$89,515.36"
TEACHER,"$89,507.78"
GUIDANCE COUNSELOR ES 191; TEACHER,"$89,399.95"
TEACHER,"$89,330.36"
TEACHER,"$89,317.85"
INTERVENTION SPECIALIST; TEACHER,"$89,284.14"
INTERVENTION SPECIALIST; TEACHER,"$89,273.19"
TEACHER,"$89,226.32"
TEACHER,"$89,221.03"
TEACHER,"$89,220.52"
INTERVENTION SPECIALIST,"$89,182.28"
TEACHER,"$89,112.64"
INTERVENTION SPECIALIST; TEACHER,"$89,088.68"
CMF; CUSTODIAN,"$89,039.61"
TEACHER,"$88,968.00"
TEACHER,"$88,945.27"
ADMIN; MS & HS ASST PRINCIPAL,"$88,929.19"
TEACHER,"$88,899.73"
TEACHER,"$88,825.14"
CMF; CUSTODIAN,"$88,778.93"
TEACHER,"$88,586.60"
CLAS-NON; SECRETARY 260,"$88,561.90"
TEACHER,"$88,544.18"
INTERVENTION SPECIALIST; TEACHER,"$88,527.60"
INTERVENTION SPECIALIST; TEACHER,"$88,200.18"
INTERVENTION SPECIALIST,"$88,118.00"
INTERVENTION SPECIALIST,"$88,118.00"
TEACHER,"$88,109.28"
TEACHER,"$87,929.82"
TEACHER,"$87,925.96"
TEACHER,"$87,918.00"
NURSE; TEACHER,"$87,902.47"
ADAPTED PHYS EDUCATION; TEACHER,"$87,893.00"
TEACHER,"$87,727.37"
TEACHER,"$87,723.47"
NURSE; TEACHER,"$87,672.64"
TEACHER,"$87,658.14"
INTERVENTION SPECIALIST; TEACHER,"$87,570.50"
INTERVENTION SPECIALIST; TEACHER,"$87,570.50"
TEACHER,"$87,554.10"
TEACHER,"$87,525.96"
LIBRARY/MEDIA SPC ES; TEACHER,"$87,441.74"
INTERVENTION SPECIALIST; TEACHER,"$87,411.85"
SECRETARY 260,"$87,339.28"
EL SPECIALIST; TEACHER,"$87,306.64"
INTERVENTION SPECIALIST; TEACHER,"$87,291.35"
EL SPECIALIST; TEACHER,"$87,245.00"
TEACHER,"$87,226.60"
INTERVENTION SPECIALIST; TEACHER,"$87,226.60"
TEACHER,"$87,221.60"
NURSE; TEACHER,"$87,145.36"
TEACHER,"$87,076.68"
INTERVENTION SPECIALIST; TEACHER,"$87,062.89"
ADMIN; ES ASST PRINCIPAL,"$87,014.30"
CMF,"$87,006.65"
TEACHER,"$86,963.64"
CMF; CUSTODIAN,"$86,900.18"
TEACHER,"$86,889.25"
CMF; CUSTODIAN,"$86,831.22"
TEACHER,"$86,781.60"
TEACHER,"$86,743.20"
ADMIN; ES & MS PRINCIPAL,"$86,711.10"
CMF; MAINTENANCE,"$86,635.05"
ADMIN; MS & HS ASST PRINCIPAL,"$86,515.00"
ADMIN; MS & HS ASST PRINCIPAL,"$86,451.30"
TEACHER,"$86,373.14"
TEACHER,"$86,363.21"
TEACHER,"$86,315.00"
INTERVENTION SPECIALIST; TEACHER,"$86,266.64"
CMF; CUSTODIAN,"$86,236.49"
INTERVENTION SPECIALIST; TEACHER,"$86,229.18"
CLAS-NON; TECHNOLOGY SPECIALIST,"$86,220.11"
INTERVENTION SPECIALIST; TEACHER,"$86,120.72"
INTERVENTION SPECIALIST,"$86,026.60"
ADMIN; ES ASST PRINCIPAL,"$85,956.70"
NURSE; TEACHER,"$85,910.32"
TEACHER,"$85,817.50"
ADMIN; SUPERVISOR SERS,"$85,798.08"
GUIDANCE COUNSELOR HS 200; TEACHER,"$85,720.94"
EL SPECIALIST; TEACHER,"$85,699.01"
TEACHER,"$85,600.00"
TEACHER,"$85,573.14"
SUPERVISOR SERS,"$85,482.90"
INTERVENTION SPECIALIST; TEACHER,"$85,476.68"
ADMIN; MS & HS ASST PRINCIPAL,"$85,470.66"
CMF; CUSTODIAN,"$85,405.87"
LIBRARY/MEDIA SPC HS/MS; TEACHER,"$85,331.73"
EL SPECIALIST; TEACHER,"$85,291.04"
INTERVENTION SPECIALIST; TEACHER,"$85,277.50"
ADMIN; SUPERVISOR STRS,"$85,258.40"
TEACHER,"$85,195.75"
TEACHER,"$85,195.00"
TEACHER,"$85,183.14"
TEACHER,"$85,155.00"
TEACHER,"$85,148.25"
TEACHER,"$85,131.04"
TEACHER,"$85,086.14"
TEACHER,"$84,980.72"
ADMIN; MS & HS ASST PRINCIPAL,"$84,979.30"
TEACHER,"$84,965.00"
CMF; CUSTODIAN,"$84,929.85"
TEACHER,"$84,861.06"
MATH SPECIALIST; TEACHER,"$84,851.00"
CMF; CUSTODIAN,"$84,800.60"
TEACHER,"$84,697.36"
INTERVENTION SPECIALIST; TEACHER,"$84,678.07"
TEACHER,"$84,675.68"
ADMIN; MS & HS ASST PRINCIPAL,"$84,514.30"
CMF; CUSTODIAN,"$84,506.17"
TEACHER,"$84,477.00"
ADMIN; ES ASST PRINCIPAL,"$84,436.14"
TEACHER,"$84,395.00"
TEACHER,"$84,372.32"
TEACHER,"$84,372.32"
TEACHER,"$84,367.04"
TEACHER,"$84,319.39"
TEACHER,"$84,316.07"
INTERVENTION SPECIALIST; TEACHER,"$84,227.12"
INTERVENTION SPECIALIST; TEACHER,"$84,196.96"
TEACHER,"$84,196.18"
TEACHER,"$84,160.00"
TEACHER,"$83,994.64"
TEACHER,"$83,994.64"
TEACHER,"$83,988.57"
INTERVENTION SPECIALIST; TEACHER,"$83,861.64"
INTERVENTION SPECIALIST,"$83,777.32"
TEACHER,"$83,735.31"
ADMIN; ES ASST PRINCIPAL,"$83,697.10"
TEACHER,"$83,678.29"
ADMIN,"$83,656.52"
TEACHER,"$83,597.32"
SECRETARY 260,"$83,584.92"
TREASURER'S ASSOCIATE,"$83,564.00"
INTERVENTION SPECIALIST; TEACHER,"$83,560.64"
INTERVENTION SPECIALIST; TEACHER,"$83,329.54"
INTERVENTION SPECIALIST,"$83,320.68"
SECRETARY 260,"$83,304.12"
TEACHER,"$83,294.64"
TEACHER,"$83,194.64"
INTERVENTION SPECIALIST; TEACHER,"$83,193.79"
ADMIN; MS & HS ASST PRINCIPAL,"$83,177.10"
ADMIN; MS & HS ASST PRINCIPAL,"$83,177.10"
TEACHER,"$83,085.82"
TEACHER,"$83,052.28"
CLAS-NON; SECRETARY 260,"$83,044.27"
TEACHER,"$82,932.82"
CLAS-NON; SECRETARY 260,"$82,932.10"
TEACHER,"$82,820.14"
TEACHER,"$82,815.01"
TEACHER,"$82,794.64"
TEACHER,"$82,794.64"
CMF; MAINTENANCE,"$82,786.19"
DRIVER; TRANS DRIVER,"$82,767.50"
TEACHER,"$82,742.39"
CLAS-NON; SECRETARY 260,"$82,717.62"
GUIDANCE COUNSELOR HS 200,"$82,700.90"
TEACHER,"$82,700.68"
EL SPECIALIST; TEACHER,"$82,697.62"
TEACHER,"$82,560.68"
TEACHER,"$82,511.00"
TEACHER,"$82,409.82"
TEACHER,"$82,286.46"
INTERVENTION SPECIALIST; TEACHER,"$82,277.04"
ADMIN,"$82,183.50"
EL SPECIALIST; TEACHER,"$82,177.39"
TEACHER,"$82,148.30"
ADMIN; SUPERVISOR SERS,"$82,072.30"
TEACHER,"$82,057.04"
SECRETARY 260,"$82,016.67"
MATH SPECIALIST; TEACHER,"$81,979.78"
ADAPTED PHYS EDUCATION; TEACHER,"$81,946.64"
CMF; CUSTODIAN,"$81,853.37"
TEACHER,"$81,828.32"
INTERVENTION SPECIALIST; TEACHER,"$81,825.46"
TEACHER,"$81,825.46"
TEACHER,"$81,751.14"
ADMIN; MS & HS ASST PRINCIPAL,"$81,677.10"
ADMIN; MS & HS ASST PRINCIPAL,"$81,677.10"
TECHNOLOGY SPECIALIST,"$81,608.92"
TEACHER,"$81,596.14"
TEACHER,"$81,557.00"
INTERVENTION SPECIALIST; TEACHER,"$81,540.32"
ADMIN; SUPERVISOR STRS; TEACHER,"$81,495.41"
NURSE; TEACHER,"$81,491.90"
TEACHER,"$81,489.68"
TEACHER,"$81,469.72"
TEACHER,"$81,421.17"
TEACHER,"$81,414.93"
INTERVENTION SPECIALIST; TEACHER,"$81,409.40"
NURSE; TEACHER,"$81,343.04"
TEACHER,"$81,254.47"
TEACHER,"$81,199.89"
INTERVENTION SPECIALIST; TEACHER,"$81,174.06"
TEACHER,"$81,119.88"
INTERVENTION SPECIALIST; TEACHER,"$81,045.20"
TEACHER,"$80,994.64"
TEACHER,"$80,947.96"
TEACHER,"$80,913.64"
TEACHER,"$80,845.10"
CMF; SUPERVISOR SERS,"$80,823.02"
INTERVENTION SPECIALIST; TEACHER,"$80,744.64"
INTERVENTION SPECIALIST; TEACHER,"$80,702.96"
PROJECT COORDINATOR SERS,"$80,697.10"
CLAS-NON; SECRETARY 260,"$80,646.66"
TEACHER,"$80,597.96"
CMF; FIELD SERVICE TECH,"$80,592.41"
CMF; MAINTENANCE,"$80,397.58"
INTERVENTION SPECIALIST; TEACHER,"$80,347.96"
TEACHER,"$80,347.96"
INTERVENTION SPECIALIST,"$80,318.64"
INTERVENTION SPECIALIST; TEACHER,"$80,313.32"
CMF; CUSTODIAN,"$80,238.09"
TEACHER,"$80,238.07"
INTERVENTION SPECIALIST; TEACHER,"$80,235.54"
TEACHER,"$80,175.50"
INTERVENTION SPECIALIST; TEACHER,"$80,037.99"
TEACHER,"$80,014.14"
DRIVER; TRANS DRIVER,"$80,008.82"
ADMIN; ES ASST PRINCIPAL,"$79,971.80"
ADMIN; PROJECT COORDINATOR STRS,"$79,950.70"
INTERVENTION SPECIALIST; TEACHER,"$79,932.25"
TEACHER,"$79,891.00"
TEACHER,"$79,808.06"
TEACHER,"$79,796.13"
TEACHER,"$79,784.39"
TEACHER,"$79,760.64"
GUIDANCE COUNSELOR HS 200; TEACHER,"$79,735.82"
TEACHER,"$79,712.66"
TEACHER,"$79,696.76"
CMF; FIELD SERVICE TECH,"$79,690.99"
TEACHER,"$79,680.84"
TEACHER,"$79,672.57"
NURSE; TEACHER,"$79,602.96"
TEACHER,"$79,577.00"
DRIVER; TRANS DRIVER,"$79,521.52"
TEACHER,"$79,464.32"
TEACHER,"$79,389.32"
TEACHER,"$79,388.14"
ADMIN; ES ASST PRINCIPAL,"$79,288.60"
INTERVENTION SPECIALIST,"$79,271.76"
CLAS-NON; MECHANIC,"$79,217.93"
TEACHER,"$79,136.64"
TEACHER,"$79,107.14"
TEACHER,"$79,052.18"
TEACHER,"$79,033.64"
TEACHER,"$78,999.32"
ADMIN; PROJECT COORDINATOR STRS,"$78,950.70"
TEACHER,"$78,904.00"
TEACHER,"$78,878.64"
TEACHER,"$78,807.29"
TEACHER,"$78,791.99"
TEACHER,"$78,696.72"
TEACHER,"$78,665.04"
TREASURER'S ASSOCIATE,"$78,655.32"
TEACHER,"$78,605.32"
TEACHER,"$78,579.50"
ADMIN; SUPERVISOR STRS,"$78,554.60"
TEACHER,"$78,547.42"
TEACHER,"$78,499.27"
INTERVENTION SPECIALIST; TEACHER,"$78,487.18"
GUIDANCE COUNSELOR HS 200; TEACHER,"$78,473.00"
INTERVENTION SPECIALIST; TEACHER,"$78,379.33"
TEACHER,"$78,238.38"
TEACHER,"$78,206.90"
SECRETARY 260,"$78,188.44"
TEACHER,"$78,165.36"
EL SPECIALIST; TEACHER,"$78,087.86"
TEACHER,"$78,035.15"
CMF; CUSTODIAN,"$78,005.14"
TEACHER,"$77,910.17"
TEACHER,"$77,855.32"
EL SPECIALIST; TEACHER,"$77,852.54"
TEACHER,"$77,790.53"
DRIVER; TRANS DRIVER,"$77,646.44"
CMF; CUSTODIAN,"$77,610.41"
TEACHER,"$77,529.18"
TEACHER,"$77,461.00"
SECRETARY 260,"$77,438.36"
INTERVENTION SPECIALIST; TEACHER,"$77,437.80"
TEACHER,"$77,405.32"
INTERVENTION SPECIALIST; TEACHER,"$77,332.25"
INTERVENTION SPECIALIST; TEACHER,"$77,324.49"
CMF; CUSTODIAN,"$77,198.06"
TEACHER,"$77,173.14"
TEACHER,"$77,168.40"
EL SPECIALIST; TEACHER,"$77,095.64"
SECRETARY 260,"$76,970.44"
CMF; CUSTODIAN,"$76,856.94"
CLAS-NON; MECHANIC,"$76,755.91"
TEACHER,"$76,585.68"
TEACHER,"$76,574.16"
CLAS-NON; SECRETARY 260,"$76,545.24"
INTERVENTION SPECIALIST,"$76,498.40"
TEACHER,"$76,468.14"
CMF; CUSTODIAN,"$76,462.40"
TEACHER,"$76,462.14"
TEACHER,"$76,460.25"
TREASURER'S ASSOCIATE,"$76,325.64"
SECRETARY 260,"$76,325.64"
TEACHER,"$76,317.04"
TEACHER,"$76,304.56"
TEACHER,"$76,241.68"
TEACHER,"$76,133.75"
INTERVENTION SPECIALIST; TEACHER,"$76,107.39"
TEACHER,"$76,005.43"
CMF; CUSTODIAN,"$75,995.48"
INTERVENTION SPECIALIST; TEACHER,"$75,990.36"
INTERVENTION SPECIALIST; TEACHER,"$75,965.78"
DRIVER; TRANS DRIVER,"$75,930.37"
INTERVENTION SPECIALIST; TEACHER,"$75,920.64"
CMF; MAINTENANCE,"$75,904.50"
CMF; MAINTENANCE,"$75,870.14"
TEACHER,"$75,850.43"
TEACHER,"$75,674.85"
TEACHER,"$75,558.86"
EL SPECIALIST; TEACHER,"$75,533.00"
TEACHER,"$75,448.75"
INTERVENTION SPECIALIST; TEACHER,"$75,428.10"
ADMIN; SUB-CLAS,"$75,419.14"
ADMIN; ES ASST PRINCIPAL,"$75,406.10"
GUIDANCE COUNSELOR HS 200; TEACHER,"$75,403.67"
CLAS-NON; MONITOR/AIDE,"$75,308.48"
TEACHER,"$75,279.32"
SECRETARY 260,"$75,181.72"
LIBRARY/MEDIA SPC ES; TEACHER,"$75,154.11"
TEACHER,"$75,068.03"
INTERVENTION SPECIALIST; TEACHER,"$75,048.68"
TEACHER,"$75,011.68"
CLAS-NON; SECRETARY 260,"$74,990.05"
TEACHER,"$74,883.64"
TEACHER,"$74,847.18"
TEACHER,"$74,769.68"
TEACHER,"$74,747.75"
CLAS-NON; SECRETARY 260,"$74,729.24"
TEACHER,"$74,698.99"
TEACHER,"$74,663.46"
TEACHER,"$74,464.25"
INTERVENTION SPECIALIST; TEACHER,"$74,449.25"
INTERVENTION SPECIALIST; TEACHER,"$74,440.39"
TEACHER,"$74,413.68"
DRIVER; TRANS DRIVER,"$74,335.72"
INTERVENTION SPECIALIST; TEACHER,"$74,306.36"
CLAS-NON; NETWORK SPECIALIST II,"$74,306.15"
TEACHER,"$74,288.06"
TEACHER,"$74,261.04"
CMF; CUSTODIAN,"$74,236.58"
TEACHER,"$74,214.55"
CMF; MAINTENANCE,"$74,180.09"
SECRETARY 260,"$74,119.72"
TEACHER,"$74,060.25"
TEACHER,"$74,030.06"
TEACHER,"$73,976.25"
ADMIN; PROJECT COORDINATOR SERS,"$73,898.10"
EL SPECIALIST; TEACHER,"$73,794.22"
INTERVENTION SPECIALIST; TEACHER,"$73,705.36"
CLAS-NON; TRANSPORTATION SPECIALIST,"$73,661.80"
INTERVENTION SPECIALIST; TEACHER,"$73,647.18"
TEACHER,"$73,605.85"
TEACHER,"$73,568.46"
TEACHER,"$73,528.36"
INTERVENTION SPECIALIST; TEACHER,"$73,456.67"
TEACHER,"$73,429.32"
ADMIN; ES ASST PRINCIPAL,"$73,385.43"
TEACHER,"$73,303.68"
SECRETARY 260,"$73,288.92"
TEACHER,"$73,288.68"
TEACHER,"$73,116.54"
TEACHER,"$73,098.32"
TEACHER,"$73,071.18"
SUPERVISOR SERS,"$73,021.90"
TEACHER,"$72,908.32"
INTERVENTION SPECIALIST; TEACHER,"$72,857.30"
INTERVENTION SPECIALIST,"$72,819.65"
ADMIN; SUPERVISOR SERS,"$72,769.60"
INTERVENTION SPECIALIST,"$72,698.32"
SECRETARY 260,"$72,633.56"
INTERVENTION SPECIALIST; TEACHER,"$72,633.36"
SECRETARY 226,"$72,613.70"
TEACHER,"$72,559.57"
CMF; CUSTODIAN,"$72,515.12"
TEACHER,"$72,506.44"
INTERVENTION SPECIALIST; TEACHER,"$72,504.25"
TECHNOLOGY SPECIALIST,"$72,498.48"
ADMIN,"$72,494.88"
INTERVENTION SPECIALIST; TEACHER,"$72,480.68"
INTERVENTION SPECIALIST; TEACHER,"$72,462.32"
TREASURER'S ASSOCIATE,"$72,446.48"
CLAS-NON; SECRETARY 226,"$72,400.95"
TECHNOLOGY SPECIALIST,"$72,392.92"
TEACHER,"$72,312.32"
TEACHER,"$72,285.99"
TEACHER,"$72,261.34"
INTERVENTION SPECIALIST; TEACHER,"$72,242.94"
TEACHER,"$72,203.14"
TEACHER,"$72,158.00"
INTERVENTION SPECIALIST; TEACHER,"$72,131.00"
INTERVENTION SPECIALIST; TEACHER,"$72,053.00"
TEACHER,"$72,022.10"
GUIDANCE COUNSELOR ES 191; TEACHER,"$72,007.72"
TEACHER,"$72,002.67"
SUPERVISOR SERS,"$71,974.10"
CLAS-NON; SECRETARY 260,"$71,923.44"
INTERVENTION SPECIALIST; TEACHER,"$71,897.32"
TEACHER,"$71,703.88"
SECRETARY 260,"$71,666.36"
CMF; CUSTODIAN,"$71,660.86"
INTERVENTION SPECIALIST,"$71,644.88"
TEACHER,"$71,631.28"
NURSE; TEACHER,"$71,617.64"
TEACHER,"$71,580.82"
TEACHER,"$71,552.28"
TEACHER,"$71,539.25"
INTERVENTION SPECIALIST; TEACHER,"$71,482.36"
TEACHER,"$71,465.60"
TEACHER,"$71,420.32"
TEACHER,"$71,410.64"
ADMIN; SUPERVISOR SERS,"$71,377.60"
TEACHER,"$71,370.14"
CMF,"$71,353.51"
TEACHER,"$71,268.54"
CLAS-NON; TECHNOLOGY SPECIALIST,"$71,251.67"
INTERVENTION SPECIALIST; TEACHER,"$71,227.29"
TEACHER,"$71,161.81"
LIBRARY/MEDIA SPC ES,"$71,152.45"
TEACHER,"$71,141.04"
INTERVENTION SPECIALIST; TEACHER,"$71,052.32"
TEACHER,"$70,991.69"
INTERVENTION SPECIALIST; TEACHER,"$70,987.43"
INTERVENTION SPECIALIST; TEACHER,"$70,879.82"
ADMIN; ES ASST PRINCIPAL,"$70,871.15"
TEACHER,"$70,820.08"
INTERVENTION SPECIALIST,"$70,802.32"
TEACHER,"$70,753.39"
CMF; CUSTODIAN,"$70,697.48"
TEACHER,"$70,594.85"
CMF; MAINTENANCE,"$70,523.61"
INTERVENTION SPECIALIST; TEACHER,"$70,512.04"
TEACHER,"$70,449.82"
TEACHER,"$70,419.11"
TEACHER,"$70,372.22"
TEACHER,"$70,350.48"
CLAS-NON; DRIVER; SECRETARY 260,"$70,333.25"
CLAS-NON; SECRETARY 260,"$70,325.08"
TEACHER,"$70,321.64"
TEACHER,"$70,294.72"
INTERVENTION SPECIALIST; TEACHER,"$70,258.79"
CMF; CUSTODIAN,"$70,245.78"
TEACHER,"$70,194.86"
TEACHER,"$70,181.90"
ADMIN; ES ASST PRINCIPAL,"$70,176.30"
CLAS-NON; SECRETARY 260,"$70,162.60"
TEACHER,"$70,117.36"
TEACHER,"$70,104.72"
ACCOUNTANTS,"$70,052.20"
TEACHER,"$69,993.54"
LIBRARY/MEDIA SPC ES; TEACHER,"$69,950.71"
CMF; CUSTODIAN,"$69,845.48"
TEACHER,"$69,829.04"
INTERVENTION SPECIALIST; TEACHER,"$69,773.89"
TEACHER,"$69,677.51"
SECRETARY 260,"$69,669.64"
SECRETARY 260,"$69,669.64"
NURSE; TEACHER,"$69,652.04"
CMF; FIELD SERVICE TECH,"$69,631.39"
TEACHER,"$69,609.00"
CMF; FIELD SERVICE TECH,"$69,533.40"
TEACHER; TEACHER PT 185,"$69,509.39"
TEACHER,"$69,494.72"
ADMIN; SUPERVISOR SERS,"$69,450.00"
TEACHER,"$69,417.36"
CMF; CUSTODIAN,"$69,393.13"
TEACHER,"$69,390.10"
TEACHER,"$69,290.78"
INTERVENTION SPECIALIST; TEACHER,"$69,275.23"
CMF; CUSTODIAN,"$69,242.98"
INTERVENTION SPECIALIST; TEACHER,"$69,235.36"
CMF; CUSTODIAN,"$69,135.89"
INTERVENTION SPECIALIST; TEACHER,"$69,112.00"
TEACHER,"$69,093.15"
TEACHER,"$68,973.00"
TEACHER,"$68,914.84"
TEACHER,"$68,880.68"
TEACHER,"$68,811.82"
TREASURER'S ASSOCIATE,"$68,754.44"
GUIDANCE COUNSELOR ES 191,"$68,750.71"
DRIVER; TRANS DRIVER,"$68,745.23"
TEACHER,"$68,728.68"
TEACHER,"$68,684.55"
CMF; FIELD SERVICE TECH,"$68,661.61"
TEACHER,"$68,638.21"
TEACHER,"$68,629.68"
TEACHER,"$68,475.31"
TEACHER,"$68,456.08"
TEACHER,"$68,425.50"
TEACHER,"$68,393.10"
TEACHER,"$68,371.14"
INTERVENTION SPECIALIST; TEACHER,"$68,320.43"
TEACHER,"$68,227.44"
TEACHER,"$68,193.64"
DRIVER; TRANS DRIVER,"$68,173.86"
INTERVENTION SPECIALIST; TEACHER,"$68,145.25"
CMF; CUSTODIAN,"$68,093.69"
TEACHER,"$68,038.64"
CLAS-NON; DISPATCHER/CLERK,"$68,031.53"
CMF; CUSTODIAN,"$68,029.12"
TEACHER,"$67,983.70"
TEACHER,"$67,953.31"
TEACHER,"$67,952.56"
DRIVER; TRANS DRIVER,"$67,934.02"
INTERVENTION SPECIALIST; TEACHER,"$67,833.82"
CLAS-NON; SECRETARY 260,"$67,759.03"
DRIVER; TRANS DRIVER,"$67,743.99"
TEACHER,"$67,676.11"
CMF,"$67,493.66"
INTERVENTION SPECIALIST; TEACHER,"$67,471.13"
CMF; CUSTODIAN,"$67,467.13"
CMF; CUSTODIAN,"$67,460.69"
INTERVENTION SPECIALIST; TEACHER,"$67,200.50"
CMF; CUSTODIAN,"$67,163.94"
CMF; MAINTENANCE,"$67,093.42"
CMF; CUSTODIAN,"$67,078.87"
INTERVENTION SPECIALIST; TEACHER,"$66,939.68"
CMF; CUSTODIAN,"$66,936.18"
TEACHER,"$66,899.99"
TEACHER; TEACHER PT/JS,"$66,806.32"
INTERVENTION SPECIALIST; TEACHER,"$66,761.14"
SUPERVISOR SERS,"$66,738.60"
CMF; CUSTODIAN,"$66,665.83"
ADMIN; ASST SUPERVISOR SERS,"$66,648.90"
CMF; CUSTODIAN,"$66,642.04"
TEACHER; TEACHER PT/JS,"$66,635.26"
CLAS-NON; SECRETARY 226,"$66,600.27"
TEACHER,"$66,572.64"
TEACHER,"$66,397.00"
ADMIN; STRS SCHOOL SOCIAL WORKER,"$66,393.60"
TEACHER,"$66,390.52"
DRIVER; TRANS DRIVER,"$66,250.36"
TEACHER,"$66,128.30"
INTERVENTION SPECIALIST; TEACHER,"$66,116.86"
TEACHER,"$66,075.80"
ADMIN; STRS SCHOOL SOCIAL WORKER,"$66,065.80"
CMF; MAINTENANCE,"$66,026.02"
TEACHER,"$66,000.86"
TEACHER,"$65,999.18"
TEACHER,"$65,994.64"
SECRETARY 260,"$65,780.04"
LITERACY SPC PT/JS; TEACHER,"$65,658.39"
DRIVER; TRANS DRIVER,"$65,637.80"
CMF; CUSTODIAN,"$65,625.30"
TEACHER,"$65,619.64"
INTERVENTION SPECIALIST; TEACHER,"$65,588.98"
TEACHER,"$65,581.10"
INTERVENTION SPECIALIST; TEACHER,"$65,581.00"
TEACHER,"$65,542.14"
DRIVER; TRANS DRIVER,"$65,536.28"
DRIVER; TRANS DRIVER,"$65,482.49"
TEACHER,"$65,464.64"
CLAS-NON; SECRETARY 226,"$65,430.34"
TEACHER,"$65,404.57"
TEACHER,"$65,383.96"
TEACHER,"$65,348.60"
CMF; FIELD SERVICE TECH,"$65,332.52"
TEACHER,"$65,324.83"
CLAS-NON; SECRETARY 226,"$65,285.00"
CLAS-NON; NETWORK SPECIALIST,"$65,278.60"
DRIVER; TRANS DRIVER,"$65,265.58"
LITERACY SPC PT/JS; TEACHER,"$65,209.55"
TEACHER,"$65,157.96"
TEACHER,"$65,101.22"
TEACHER,"$64,955.28"
TEACHER,"$64,820.64"
TEACHER,"$64,814.36"
TEACHER,"$64,739.89"
TEACHER,"$64,737.07"
INTERVENTION SPECIALIST,"$64,679.00"
CMF; MAINTENANCE,"$64,659.76"
TEACHER,"$64,549.28"
INTERVENTION SPECIALIST; TEACHER,"$64,342.14"
CMF; MAINTENANCE,"$64,300.53"
LIBRARY/MEDIA SPC HS/MS; TEACHER,"$64,217.70"
TEACHER,"$64,171.46"
SECRETARY 260,"$63,928.84"
SECRETARY 260,"$63,928.84"
SECRETARY 260,"$63,928.84"
CMF; CUSTODIAN,"$63,909.90"
CMF; CUSTODIAN,"$63,864.49"
TEACHER,"$63,863.42"
TEACHER,"$63,863.42"
DRIVER; TRANS DRIVER,"$63,753.88"
CMF; CUSTODIAN,"$63,739.65"
TEACHER,"$63,654.75"
TEACHER,"$63,635.47"
TEACHER,"$63,562.18"
SECRETARY 226,"$63,401.94"
TEACHER,"$63,376.60"
CMF; MAINTENANCE,"$63,367.19"
CLAS-NON; SECRETARY 260,"$63,358.96"
INTERVENTION SPECIALIST; TEACHER,"$63,357.18"
INTERVENTION SPECIALIST; TEACHER,"$63,338.11"
TEACHER,"$63,313.64"
TEACHER,"$63,262.35"
TEACHER,"$63,253.96"
CLAS-NON; SECRETARY 260,"$63,236.98"
INTERVENTION SPECIALIST; TEACHER,"$63,170.46"
TEACHER,"$63,157.61"
ADMIN,"$63,087.50"
TEACHER,"$63,009.12"
DRIVER; TRANS DRIVER,"$63,006.62"
TEACHER,"$62,960.96"
CLAS-NON; MECHANIC,"$62,900.53"
EL SPECIALIST; TEACHER,"$62,856.59"
TEACHER,"$62,776.64"
TEACHER,"$62,691.97"
TEACHER,"$62,663.42"
INTERVENTION SPECIALIST; TEACHER,"$62,610.92"
TEACHER,"$62,607.96"
TEACHER,"$62,586.48"
TEACHER,"$62,495.02"
CMF; CUSTODIAN,"$62,432.59"
CMF; CUSTODIAN,"$62,397.26"
CMF; CUSTODIAN,"$62,392.32"
CMF; CUSTODIAN,"$62,390.45"
DRIVER; TRANS DRIVER,"$62,383.69"
TEACHER,"$62,349.43"
TEACHER,"$62,348.80"
CMF; CUSTODIAN,"$62,196.04"
SECRETARY 260,"$62,140.12"
SECRETARY 260,"$62,140.12"
SECRETARY 260,"$62,140.12"
CMF; CUSTODIAN,"$62,135.47"
TEACHER,"$62,081.36"
SECRETARY 226,"$62,024.98"
INTERVENTION SPECIALIST; TEACHER,"$62,016.10"
TEACHER,"$61,950.36"
TEACHER,"$61,923.10"
COORDINATOR STUDENT EXP; TEACHER,"$61,893.82"
TEACHER,"$61,872.28"
CMF,"$61,781.89"
CMF; CUSTODIAN,"$61,763.63"
TEACHER,"$61,750.78"
CLAS-NON; SECRETARY 260,"$61,744.42"
INTERVENTION SPECIALIST; TEACHER,"$61,714.82"
INTERVENTION SPECIALIST; TEACHER,"$61,689.36"
CLAS-NON; SECRETARY 226,"$61,629.19"
CLAS-NON; SECRETARY 260,"$61,599.73"
LITERACY SPC PT/JS; TEACHER,"$61,569.11"
TEACHER,"$61,498.32"
CMF; CUSTODIAN,"$61,487.37"
TEACHER,"$61,359.69"
TEACHER,"$61,242.71"
CMF; CUSTODIAN,"$61,230.15"
ADMIN; STRS MENTAL HEALTH SPC,"$61,201.40"
TEACHER,"$61,162.14"
INTERVENTION SPECIALIST; TEACHER,"$61,141.46"
ADMIN; STRS MENTAL HEALTH SPC,"$61,125.00"
ADMIN; STRS MENTAL HEALTH SPC,"$61,125.00"
ADMIN; STRS MENTAL HEALTH SPC,"$61,125.00"
TEACHER,"$61,118.96"
TEACHER,"$61,113.57"
TEACHER,"$61,107.80"
INTERVENTION SPECIALIST; TEACHER,"$61,063.82"
TEACHER,"$61,044.82"
CMF; CUSTODIAN,"$61,012.39"
TEACHER,"$60,999.82"
INTERVENTION SPECIALIST; TEACHER,"$60,925.25"
CLAS-NON; DISPATCHER/CLERK,"$60,910.31"
CLAS-NON; MECHANIC,"$60,803.95"
TEACHER,"$60,777.58"
TEACHER,"$60,746.44"
TEACHER; TEACHER PT 185,"$60,711.32"
TEACHER,"$60,708.14"
INTERVENTION SPECIALIST,"$60,668.96"
TEACHER; TEACHER PT 185,"$60,601.12"
CMF; CUSTODIAN,"$60,481.96"
TEACHER,"$60,409.43"
SECRETARY 260,"$60,372.04"
SECRETARY 260,"$60,372.04"
SECRETARY 260,"$60,372.04"
TEACHER,"$60,346.78"
INTERVENTION SPECIALIST,"$60,321.44"
TEACHER; TEACHER PT 185,"$60,275.32"
DRIVER; TRANS DRIVER,"$60,224.53"
INTERVENT SPECIAL PT/JS; TEACHER,"$60,203.94"
DRIVER; TRANS DRIVER,"$60,178.59"
TEACHER,"$60,172.72"
ACCOUNTANTS; ADMIN,"$60,153.85"
TEACHER; TEACHER PT/JS,"$60,126.37"
TEACHER,"$60,118.66"
CLAS-NON; MONITOR/AIDE,"$60,028.88"
CLAS-NON; SECRETARY 183,"$60,020.62"
INTERVENTION SPECIALIST; TEACHER,"$59,999.82"
EL SPECIALIST; TEACHER,"$59,929.64"
LITERACY SPC PT/JS; TEACHER,"$59,910.31"
CMF; CUSTODIAN,"$59,862.33"
TEACHER,"$59,839.29"
CMF; CUSTODIAN,"$59,807.54"
TEACHER,"$59,734.32"
TEACHER,"$59,683.83"
INTERVENTION SPECIALIST; TEACHER,"$59,585.71"
CMF; CUSTODIAN,"$59,546.42"
TEACHER,"$59,349.46"
TEACHER,"$59,322.52"
TEACHER,"$59,188.84"
TEACHER,"$59,094.78"
INT-AIDE; INTERVENTION AIDE,"$59,042.83"
DRIVER; TRANS DRIVER,"$58,997.01"
DRIVER; TRANS DRIVER,"$58,983.83"
CLAS-NON; SECRETARY 260,"$58,928.89"
CMF,"$58,913.34"
CMF; MAINTENANCE,"$58,749.94"
TEACHER; TEACHER PT/JS,"$58,719.43"
ADMIN; STRS SCHOOL SOCIAL WORKER,"$58,718.00"
TEACHER,"$58,715.04"
DRIVER; TRANS DRIVER,"$58,710.24"
TEACHER,"$58,539.36"
TEACHER,"$58,425.25"
TEACHER,"$58,420.39"
CLAS-NON; MONITOR/AIDE,"$58,364.08"
GUIDANCE COUNSELOR MS 197; TEACHER,"$58,108.51"
INTERVENTION SPECIALIST,"$58,056.64"
ADMIN; STRS SCHOOL SOCIAL WORKER,"$58,023.70"
CMF; CUSTODIAN,"$57,945.66"
CMF; FIELD SERVICE TECH,"$57,933.80"
INTERVENTION SPECIALIST; TEACHER,"$57,933.36"
TEACHER,"$57,876.78"
INTERVENTION SPECIALIST; TEACHER,"$57,840.67"
TEACHER; TEACHER PT/JS,"$57,828.00"
CLAS-NON; NETWORK SPECIALIST II,"$57,667.12"
CMF; CUSTODIAN,"$57,663.16"
TEACHER,"$57,569.64"
EL SPECIALIST; TEACHER,"$57,564.36"
CLAS-NON; SECRETARY 183,"$57,503.52"
TEACHER,"$57,475.86"
ADMIN,"$57,466.70"
TEACHER; TEACHER PT/JS,"$57,421.00"
CLINIC AIDE,"$57,323.36"
CMF; CUSTODIAN,"$57,243.51"
TEACHER,"$57,213.88"
TEACHER,"$57,207.82"
TEACHER,"$57,172.64"
TEACHER,"$57,149.32"
DRIVER; TRANS DRIVER,"$57,136.41"
TEACHER,"$57,022.78"
SECRETARY 260,"$57,012.84"
TEACHER,"$56,992.80"
TEACHER,"$56,975.34"
SECRETARY 226,"$56,923.34"
INTERVENTION SPECIALIST; TEACHER,"$56,917.64"
INTERVENTION SPECIALIST; TEACHER,"$56,893.32"
TEACHER,"$56,859.04"
TEACHER,"$56,819.65"
TEACHER,"$56,654.14"
DRIVER; TRANS DRIVER,"$56,462.55"
TEACHER,"$56,437.80"
TEACHER,"$56,436.00"
INTERVENTION SPECIALIST; TEACHER,"$56,431.42"
TEACHER,"$56,397.78"
TEACHER,"$56,388.32"
CMF; FIELD SERVICE TECH,"$56,307.08"
CLAS-NON; SECRETARY 183,"$56,291.18"
TEACHER,"$56,209.36"
CMF; CUSTODIAN,"$56,170.51"
CLINIC AIDE; INT-AIDE,"$56,137.04"
CMF; CUSTODIAN,"$56,129.49"
TEACHER,"$56,121.51"
DRIVER; TRANS DRIVER,"$56,117.15"
TEACHER,"$56,010.28"
TEACHER; TEACHER PT/JS,"$55,988.50"
CMF; CUSTODIAN,"$55,975.84"
CLINIC AIDE; INT-AIDE,"$55,893.32"
TEACHER,"$55,892.36"
INTERVENTION SPECIALIST,"$55,858.88"
TEACHER,"$55,844.60"
FOOD SVC MANAGER; FOOD-SVC,"$55,806.11"
TEACHER,"$55,792.80"
CMF; CUSTODIAN,"$55,733.12"
TEACHER,"$55,715.60"
ADMIN; STRS SCHOOL SOCIAL WORKER,"$55,689.64"
CMF; CUSTODIAN,"$55,671.19"
INT-AIDE; INTERVENTION AIDE,"$55,548.17"
CLAS-NON; MONITOR/AIDE,"$55,517.10"
CMF; CUSTODIAN,"$55,510.87"
INTERVENTION SPECIALIST; TEACHER,"$55,344.82"
SECRETARY 226,"$55,323.26"
SECRETARY 226,"$55,323.26"
INTERVENTION SPECIALIST; TEACHER,"$55,266.32"
CMF; CUSTODIAN,"$55,233.14"
TEACHER,"$55,206.52"
EL SPECIALIST PT/JS; TEACHER,"$55,162.13"
EL SPECIALIST; TEACHER,"$55,138.72"
ADMIN; STRS SCHOOL SOCIAL WORKER,"$55,036.70"
TEACHER,"$54,984.06"
TEACHER,"$54,805.50"
DRIVER; TRANS DRIVER,"$54,739.55"
FOOD SVC MANAGER; FOOD-SVC,"$54,692.21"
INTERVENTION SPECIALIST,"$54,655.28"
TEACHER,"$54,631.22"
TEACHER,"$54,521.32"
TREASURER'S ASSOCIATE,"$54,516.88"
ADMIN; STRS SCHOOL SOCIAL WORKER,"$54,407.50"
CLINIC AIDE; INT-AIDE,"$54,384.96"
CLINIC AIDE; INT-AIDE,"$54,359.97"
TEACHER,"$54,330.04"
CMF; CUSTODIAN,"$54,307.92"
INTERVENTION SPECIALIST; TEACHER,"$54,288.24"
INTERVENTION SPECIALIST,"$54,270.96"
TEACHER,"$54,261.56"
CLAS-NON; TECHNOLOGY SPECIALIST,"$54,192.63"
TEACHER,"$54,167.64"
TEACHER,"$54,108.00"
CMF; CUSTODIAN,"$54,105.32"
ADMIN; STRS SCHOOL SOCIAL WORKER,"$54,097.50"
FOOD SVC MANAGER; FOOD-SVC,"$54,096.44"
TEACHER,"$54,077.28"
TEACHER,"$54,043.79"
CMF; FIELD SERVICE TECH,"$54,033.90"
CMF,"$53,912.02"
TEACHER,"$53,870.24"
TEACHER,"$53,850.04"
CLAS-NON; MECHANIC,"$53,839.25"
TEACHER,"$53,835.32"
CLAS-NON; SECRETARY 226,"$53,821.34"
CMF; MAINTENANCE,"$53,811.14"
TEACHER,"$53,784.06"
SECRETARY 226,"$53,774.34"
SECRETARY 226,"$53,774.34"
SECRETARY 183,"$53,762.96"
TEACHER; TEACHER PT/JS,"$53,735.82"
CMF; FIELD SERVICE TECH,"$53,731.83"
TEACHER,"$53,710.74"
TEACHER,"$53,635.04"
CLAS-NON; SECRETARY 183,"$53,634.64"
TEACHER,"$53,615.92"
TEACHER,"$53,556.04"
TEACHER,"$53,533.10"
INTERVENTION SPECIALIST; TEACHER,"$53,465.32"
CLAS-NON; SECRETARY 183,"$53,405.18"
TEACHER,"$53,353.68"
INTERVENTION SPECIALIST; TEACHER,"$53,295.46"
INTERVENTION SPECIALIST; TEACHER,"$53,271.29"
TEACHER,"$53,256.78"
CLINIC AIDE; INT-AIDE,"$53,226.08"
CMF; CUSTODIAN,"$53,222.81"
TEACHER,"$53,215.50"
INTERVENTION SPECIALIST; TEACHER,"$53,176.04"
INTERVENTION SPECIALIST; TEACHER,"$53,151.46"
TEACHER; TEACHER PT/JS,"$53,067.52"
CLAS-NON; SECRETARY 183,"$53,051.92"
TEACHER,"$53,050.04"
DRIVER; TRANS DRIVER,"$53,030.95"
TEACHER,"$53,005.74"
TEACHER; TEACHER PT/JS,"$52,955.60"
CLINIC AIDE; INT-AIDE,"$52,938.79"
TEACHER,"$52,924.61"
CMF; CUSTODIAN,"$52,922.47"
TEACHER,"$52,848.16"
TEACHER,"$52,733.96"
CLINIC AIDE,"$52,720.48"
INT-AIDE; INTERVENTION AIDE,"$52,700.80"
TEACHER,"$52,630.60"
CMF; CUSTODIAN,"$52,614.96"
ADMIN; STRS SCHOOL SOCIAL WORKER,"$52,536.70"
ADMIN; STRS SCHOOL SOCIAL WORKER,"$52,536.70"
ADMIN; STRS SCHOOL SOCIAL WORKER,"$52,536.70"
ADMIN; STRS SCHOOL SOCIAL WORKER,"$52,536.70"
ADMIN; STRS SCHOOL SOCIAL WORKER,"$52,536.70"
CMF; CUSTODIAN,"$52,500.10"
CLAS-NON,"$52,479.04"
SECRETARY 260,"$52,322.44"
DRIVER; TRANS DRIVER,"$52,242.89"
SECRETARY 226,"$52,240.62"
INT-AIDE; INTERVENTION AIDE,"$52,139.76"
DRIVER; TRANS DRIVER,"$52,082.72"
CLINIC AIDE; INT-AIDE,"$52,066.04"
FOOD SVC MANAGER; FOOD-SVC,"$52,061.21"
TEACHER,"$52,000.32"
TEACHER,"$52,000.32"
FOOD SVC MANAGER; FOOD-SVC,"$51,963.24"
TEACHER,"$51,922.82"
INT-AIDE; INTERVENTION AIDE,"$51,849.25"
CLINIC AIDE; INT-AIDE,"$51,829.90"
TEACHER; TEACHER PT/JS,"$51,820.13"
TEACHER,"$51,730.60"
INTERVENTION AIDE,"$51,719.76"
CLAS-NON; CLERKS,"$51,712.07"
CMF; CUSTODIAN,"$51,688.23"
CMF; CUSTODIAN,"$51,663.45"
TEACHER,"$51,652.24"
TEACHER,"$51,571.46"
TEACHER,"$51,480.49"
TEACHER,"$51,408.50"
TEACHER,"$51,353.10"
TEACHER,"$51,312.80"
CLERKS,"$51,257.92"
INTERVENTION SPECIALIST; TEACHER,"$51,253.49"
CMF; CUSTODIAN,"$51,227.81"
CMF,"$51,218.57"
ADMIN; STRS SCHOOL SOCIAL WORKER,"$51,175.90"
DRIVER; TRANS DRIVER,"$51,162.66"
ADMIN; STRS SCHOOL SOCIAL WORKER,"$51,020.90"
INTERVENTION SPECIALIST; TEACHER,"$51,014.35"
DRIVER; TRANS DRIVER,"$50,987.24"
TEACHER,"$50,937.35"
CMF; FIELD SERVICE TECH,"$50,921.18"
TEACHER,"$50,796.92"
TEACHER,"$50,785.60"
TEACHER,"$50,785.60"
TEACHER,"$50,762.00"
ADMIN,"$50,746.50"
INT-AIDE; INTERVENTION AIDE,"$50,697.28"
INTERVENTION SPECIALIST,"$50,645.32"
TEACHER,"$50,601.42"
INT-AIDE; INTERVENTION AIDE,"$50,556.24"
CLAS-NON; SECRETARY 226,"$50,538.48"
TEACHER,"$50,523.92"
INTERVENTION SPECIALIST; TEACHER,"$50,509.74"
CLINIC AIDE; INT-AIDE,"$50,489.39"
ADMIN,"$50,470.00"
CMF; CUSTODIAN,"$50,449.11"
FOOD SVC MANAGER; FOOD-SVC,"$50,353.10"
CLAS-NON; MONITOR/AIDE,"$50,297.04"
INTERVENTION AIDE,"$50,274.16"
INT-AIDE; INTERVENTION AIDE,"$50,100.63"
CLAS-NON; SECRETARY 183,"$50,096.24"
CLINIC AIDE; INT-AIDE,"$50,020.33"
INT-AIDE; INTERVENTION AIDE,"$50,010.33"
CMF; CUSTODIAN,"$50,000.24"
CLINIC AIDE; INT-AIDE,"$49,969.44"
DRIVER; TRANS DRIVER,"$49,928.73"
CLINIC AIDE; INT-AIDE,"$49,832.08"
INT-AIDE; INTERVENTION AIDE,"$49,733.12"
CLAS-NON,"$49,718.74"
CMF; CUSTODIAN,"$49,675.64"
DRIVER; TRANS DRIVER,"$49,633.43"
DRIVER; TRANS DRIVER,"$49,586.63"
INT-AIDE; INTERVENTION AIDE,"$49,585.02"
TECHNOLOGY SPECIALIST,"$49,511.57"
TEACHER; TEACHER PT/JS,"$49,476.00"
TEACHER,"$49,472.24"
DRIVER; TRANS DRIVER,"$49,361.49"
CMF; FIELD SERVICE TECH,"$49,349.89"
SECRETARY 226,"$49,334.26"
SECRETARY 226,"$49,334.26"
TEACHER,"$49,275.10"
TEACHER; TEACHER PT/JS,"$49,247.35"
CLAS-NON; SECRETARY 226,"$49,227.58"
ADMIN,"$49,208.80"
CMF; CUSTODIAN,"$49,158.10"
CMF; CUSTODIAN,"$49,139.07"
TEACHER; TEACHER PT/JS,"$49,073.00"
CMF; CUSTODIAN,"$49,062.21"
INT-AIDE; INTERVENTION AIDE,"$48,922.06"
CMF; CUSTODIAN,"$48,915.97"
DRIVER; TRANS DRIVER,"$48,906.27"
TEACHER,"$48,824.11"
TEACHER,"$48,804.74"
TEACHER,"$48,727.24"
TEACHER,"$48,727.24"
TEACHER,"$48,727.24"
TEACHER,"$48,727.24"
TEACHER,"$48,649.74"
TEACHER,"$48,649.74"
DRIVER; TRANS DRIVER,"$48,641.00"
INT-AIDE; INTERVENTION AIDE,"$48,640.00"
TEACHER,"$48,572.24"
TEACHER,"$48,572.24"
TEACHER,"$48,572.24"
TEACHER; TEACHER PT/JS,"$48,534.86"
CMF; CUSTODIAN,"$48,515.29"
FOOD SVC MANAGER; FOOD-SVC,"$48,482.40"
SECRETARY 183,"$48,463.28"
TEACHER,"$48,432.97"
TEACHER,"$48,414.16"
INTERVENTION AIDE,"$48,367.44"
INT-AIDE; INTERVENTION AIDE,"$48,326.77"
CMF; CUSTODIAN,"$48,265.29"
CMF; CUSTODIAN,"$48,216.16"
CLINIC AIDE; INT-AIDE,"$48,195.68"
INT-AIDE; INTERVENTION AIDE,"$48,194.57"
CLAS-NON; SECRETARY 183,"$48,144.27"
INTERVENTION SPECIALIST; TEACHER,"$48,117.74"
CMF; MAINTENANCE,"$48,108.03"
FOOD SVC MANAGER; FOOD-SVC,"$48,105.34"
CMF; CUSTODIAN,"$48,101.12"
INT-AIDE; INTERVENTION AIDE,"$48,097.94"
ADMIN; MS & HS ASST PRINCIPAL,"$48,025.80"
ADMIN; MS & HS ASST PRINCIPAL,"$48,010.80"
SECRETARY 226,"$47,964.70"
SECRETARY 226,"$47,964.70"
INT-AIDE; INTERVENTION AIDE,"$47,896.32"
CLAS-NON; SECRETARY 183,"$47,886.34"
CLINIC AIDE; INT-AIDE,"$47,809.93"
TEACHER,"$47,772.24"
INT-AIDE; INTERVENTION AIDE,"$47,764.08"
CMF,"$47,745.66"
CLAS-NON; SECRETARY 260,"$47,722.74"
INTERVENTION SPECIALIST; TEACHER,"$47,674.74"
TEACHER; TEACHER PT/JS,"$47,610.32"
FOOD SVC MANAGER; FOOD-SVC,"$47,597.41"
TEACHER; TEACHER PT/JS,"$47,591.83"
CLINIC AIDE; INT-AIDE,"$47,556.74"
CMF; CUSTODIAN,"$47,383.68"
STRS SCHOOL SOCIAL WORKER,"$47,301.32"
EL SPECIALIST PT/JS; TEACHER,"$47,178.09"
INT-AIDE; INTERVENTION AIDE,"$47,145.78"
DRIVER; TRANS DRIVER,"$47,076.47"
TEACHER; TEACHER PT/JS,"$47,067.06"
CMF; FIELD SERVICE TECH,"$47,018.75"
INT-AIDE; INTERVENTION AIDE,"$47,002.36"
DRIVER; TRANS DRIVER,"$46,911.82"
TEACHER; TEACHER PT/JS,"$46,882.48"
CLAS-NON; SECRETARY 183,"$46,859.30"
DRIVER; TRANS DRIVER,"$46,800.01"
DRIVER; TRANS DRIVER,"$46,752.48"
INT-AIDE; INTERVENTION AIDE,"$46,696.95"
INT-AIDE; INTERVENTION AIDE,"$46,656.59"
INT-AIDE; INTERVENTION AIDE,"$46,596.29"
CLINIC AIDE,"$46,565.04"
INTERVENT SPECIAL PT/JS; TEACHER,"$46,551.22"
INTERVENTION SPECIALIST; TEACHER,"$46,548.98"
ADMIN; HS PRINCIPAL,"$46,512.85"
TEACHER,"$46,487.13"
DRIVER,"$46,326.25"
INT-AIDE; INTERVENTION AIDE,"$46,296.19"
DRIVER; TRANS DRIVER,"$46,280.41"
DRIVER; TRANS DRIVER,"$46,234.21"
FOOD SVC MANAGER; FOOD-SVC,"$46,166.03"
TEACHER,"$46,164.67"
DRIVER; TRANS DRIVER,"$46,113.64"
CMF; CUSTODIAN,"$45,956.41"
INT-AIDE; INTERVENTION AIDE,"$45,951.04"
TEACHER; TEACHER PT/JS,"$45,914.61"
CLAS-NON; LIBRARY AIDE,"$45,820.56"
CLAS-NON; SECRETARY 183,"$45,751.11"
DRIVER; TRANS DRIVER,"$45,677.30"
DRIVER; TRANS DRIVER,"$45,663.08"
INT-AIDE; INTERVENTION AIDE,"$45,627.91"
INT-AIDE; INTERVENTION AIDE,"$45,601.48"
CMF; CUSTODIAN,"$45,575.53"
CLAS-NON; INT-AIDE; LIBRARY AIDE,"$45,569.12"
ADMIN,"$45,490.03"
CLINIC AIDE; INT-AIDE,"$45,387.22"
MONITOR/AIDE,"$45,288.00"
SECRETARY 226,"$45,279.82"
SECRETARY 226,"$45,279.82"
CLAS-NON,"$45,245.49"
CMF; CUSTODIAN,"$45,189.05"
CMF; CUSTODIAN,"$45,087.55"
TEACHER,"$44,924.00"
CMF; CUSTODIAN,"$44,915.02"
DRIVER; TRANS DRIVER,"$44,861.94"
CMF; FIELD SERVICE TECH,"$44,788.21"
CMF; CUSTODIAN,"$44,753.42"
CLAS-NON; SECRETARY 183,"$44,741.18"
INT-AIDE,"$44,731.52"
ADMIN; STRS MENTAL HEALTH SPC,"$44,666.67"
TEACHER; TEACHER PT/JS,"$44,595.14"
DRIVER; TRANS DRIVER,"$44,591.23"
CLAS-NON; SECRETARY 183,"$44,575.60"
TEACHER,"$44,520.08"
CMF; CUSTODIAN,"$44,492.77"
DRIVER; TRANS DRIVER,"$44,455.27"
INT-AIDE; INTERVENTION AIDE,"$44,419.20"
INT-AIDE; INTERVENTION AIDE,"$44,369.02"
CLINIC AIDE,"$44,357.68"
TEACHER; TEACHER PT/JS,"$44,300.45"
DRIVER; TRANS DRIVER,"$44,296.28"
FOOD SVC MANAGER; FOOD-SVC,"$44,206.33"
CLAS-NON; MECHANIC; SUB-CLAS,"$44,139.21"
DRIVER; TRANS DRIVER,"$44,079.26"
DRIVER; TRANS DRIVER,"$44,078.31"
DRIVER; TRANS DRIVER,"$44,057.03"
DRIVER; TRANS DRIVER,"$44,020.69"
LIBRARY AIDE,"$43,900.48"
DRIVER; TRANS DRIVER,"$43,783.12"
CMF; CUSTODIAN,"$43,741.69"
INT-AIDE; INTERVENTION AIDE,"$43,636.90"
TEACHER,"$43,633.00"
CLINIC AIDE; INT-AIDE,"$43,625.34"
TEACHER; TEACHER PT/JS,"$43,528.61"
INT-AIDE; INTERVENTION AIDE,"$43,499.40"
TEACHER; TEACHER PT/JS,"$43,483.62"
FOOD SVC MANAGER; FOOD-SVC,"$43,467.21"
INT-AIDE; INTERVENTION AIDE,"$43,378.24"
INTERVENTION AIDE,"$43,135.92"
INT-AIDE; INTERVENTION AIDE,"$43,120.34"
DRIVER; TRANS DRIVER,"$43,065.91"
TEACHER; TEACHER PT/JS,"$43,026.22"
DRIVER; TRANS DRIVER,"$42,974.87"
CLAS-NON; SECRETARY 183,"$42,964.33"
CMF; FIELD SERVICE TECH; SUB-CLAS,"$42,922.89"
CLAS-NON; SECRETARY 260; SUP-ACAD,"$42,814.87"
DRIVER; TRANS DRIVER,"$42,717.57"
ADMIN,"$42,705.80"
FOOD SVC MANAGER; FOOD-SVC,"$42,701.84"
CMF,"$42,689.96"
CMF; CUSTODIAN,"$42,504.12"
INT-AIDE; INTERVENTION AIDE,"$42,491.89"
FOOD SVC MANAGER; FOOD-SVC,"$42,474.11"
CMF; CUSTODIAN,"$42,425.45"
ADMIN; MS & HS ASST PRINCIPAL,"$42,416.70"
CLINIC AIDE; INT-AIDE,"$42,332.11"
ADMIN,"$42,283.53"
INT-AIDE; INTERVENTION AIDE,"$42,243.92"
CMF; CUSTODIAN,"$42,135.66"
INT-AIDE,"$42,125.62"
TEACHER,"$42,093.11"
INT-AIDE; INTERVENTION AIDE,"$42,066.96"
DRIVER; TRANS DRIVER,"$42,024.60"
CMF; CUSTODIAN,"$41,952.06"
INT-AIDE; INTERVENTION AIDE,"$41,948.56"
CLAS-NON; SECRETARY 183,"$41,914.31"
DRIVER; TRANS DRIVER,"$41,826.71"
TEACHER; TEACHER PT/JS,"$41,790.98"
DRIVER; TRANS DRIVER,"$41,743.38"
DRIVER; TRANS DRIVER,"$41,688.23"
CLERKS,"$41,647.32"
CLAS-NON; JOB COACH AIDE,"$41,579.79"
ADMIN,"$41,463.30"
TEACHER,"$41,420.63"
TEACHER,"$41,349.62"
INT-AIDE; INTERVENTION AIDE,"$41,293.92"
CLAS-NON,"$41,269.52"
CLAS-NON; SECRETARY 183,"$41,252.73"
FOOD SVC MANAGER; FOOD-SVC,"$41,214.88"
DRIVER; TRANS DRIVER,"$41,172.60"
INT-AIDE; INTERVENTION AIDE,"$41,166.40"
CLAS-NON; SECRETARY 183,"$41,134.16"
CMF; CUSTODIAN,"$41,083.36"
DRIVER; SUB-CLAS; TRANS DRIVER,"$41,066.86"
CLAS-NON; SECRETARY 183,"$40,979.41"
DRIVER; TRANS DRIVER,"$40,975.48"
DRIVER; TRANS DRIVER,"$40,951.09"
TEACHER; TEACHER PT/JS,"$40,872.83"
INT-AIDE; INTERVENTION AIDE,"$40,865.44"
INT-AIDE; INTERVENTION AIDE,"$40,850.26"
INT-AIDE; INTERVENTION AIDE,"$40,781.04"
INT-AIDE; INTERVENTION AIDE,"$40,760.40"
CMF; CUSTODIAN,"$40,758.82"
ADMIN,"$40,725.54"
INT-AIDE; INTERVENTION AIDE,"$40,666.40"
DRIVER; TRANS DRIVER,"$40,625.50"
CMF; CUSTODIAN,"$40,601.73"
DRIVER; TRANS DRIVER,"$40,592.69"
INT-AIDE; INTERVENTION AIDE,"$40,580.26"
SECRETARY 260,"$40,501.52"
ADMIN; ASST DIRECTOR STRS,"$40,500.00"
INTERVENTION AIDE,"$40,437.12"
TEACHER,"$40,429.96"
DRIVER; TRANS DRIVER,"$40,414.66"
INT-AIDE; INTERVENTION AIDE,"$40,348.14"
DRIVER; TRANS DRIVER,"$40,227.77"
ADMIN,"$40,226.10"
CLAS-NON; SECRETARY 183,"$40,151.92"
CLERKS,"$40,124.41"
CLAS-NON; MONITOR/AIDE,"$40,103.20"
DRIVER; TRANS DRIVER,"$40,064.22"
INT-AIDE; INTERVENTION AIDE,"$40,039.09"
INT-AIDE; INTERVENTION AIDE,"$40,035.12"
CLAS-NON; SECRETARY 183,"$40,030.56"
INT-AIDE; INTERVENTION AIDE,"$39,985.28"
CLAS-NON; SECRETARY 183,"$39,952.83"
TEACHER; TEACHER PT/JS,"$39,891.56"
INT-AIDE; INTERVENTION AIDE,"$39,880.99"
INT-AIDE; INTERVENTION AIDE,"$39,765.52"
CMF; CUSTODIAN,"$39,755.30"
INT-AIDE; INTERVENTION AIDE,"$39,741.22"
INT-AIDE; INTERVENTION AIDE,"$39,687.27"
CMF; CUSTODIAN,"$39,685.30"
CMF; CUSTODIAN,"$39,671.58"
INT-AIDE; INTERVENTION AIDE,"$39,653.36"
INT-AIDE,"$39,585.05"
CLERKS,"$39,574.16"
CLERKS,"$39,574.16"
FOOD SVC MANAGER; FOOD-SVC,"$39,572.52"
INT-AIDE; INTERVENTION AIDE,"$39,542.72"
INT-AIDE; INTERVENTION AIDE,"$39,540.40"
DRIVER; TRANS DRIVER,"$39,527.41"
FOOD SVC WORKER; FOOD-SVC,"$39,519.61"
FOOD-SVC,"$39,474.67"
TEACHER; TEACHER PT/JS,"$39,457.82"
FOOD SVC WORKER; FOOD-SVC,"$39,417.97"
DRIVER; TRANS DRIVER,"$39,396.45"
FOOD-SVC; SECRETARY 260,"$39,386.32"
MONITOR/AIDE,"$39,366.96"
DRIVER; TRANS DRIVER,"$39,363.52"
INT-AIDE; INTERVENTION AIDE,"$39,342.47"
INT-AIDE; INTERVENTION AIDE,"$39,287.77"
ADMIN; ES ASST PRINCIPAL,"$39,166.70"
CLAS-NON; MONITOR/AIDE,"$39,155.76"
DRIVER; TRANS DRIVER,"$39,144.43"
DRIVER; TRANS DRIVER,"$39,112.16"
TEACHER,"$39,081.68"
FOOD SVC MANAGER; FOOD-SVC,"$39,039.26"
CMF; CUSTODIAN,"$39,006.46"
DRIVER; TRANS DRIVER,"$38,947.43"
INT-AIDE; INTERVENTION AIDE,"$38,876.12"
TEACHER; TEACHER PT 185,"$38,823.32"
DRIVER; TRANS DRIVER,"$38,692.67"
DRIVER; TRANS DRIVER,"$38,663.14"
CLAS-NON; SECRETARY 183,"$38,635.44"
INT-AIDE; INTERVENTION AIDE,"$38,635.28"
INT-AIDE; INTERVENTION AIDE,"$38,626.96"
INT-AIDE; INTERVENTION AIDE,"$38,608.18"
CLAS-NON; MONITOR/AIDE,"$38,603.76"
DRIVER; TRANS DRIVER,"$38,570.52"
DRIVER; TRANS DRIVER,"$38,556.85"
INT-AIDE; INTERVENTION AIDE,"$38,532.60"
INT-AIDE; INTERVENTION AIDE,"$38,526.88"
INT-AIDE; INTERVENTION AIDE,"$38,497.68"
TEACHER; TEACHER PT 185,"$38,475.00"
CLAS-NON,"$38,457.12"
INT-AIDE; INTERVENTION AIDE,"$38,456.99"
CLAS-NON; MONITOR/AIDE,"$38,436.21"
INTERVENTION AIDE,"$38,418.48"
INTERVENTION AIDE,"$38,418.48"
DRIVER; TRANS DRIVER,"$38,409.98"
INT-AIDE; INTERVENTION AIDE,"$38,360.06"
FOOD SVC WORKER; FOOD-SVC,"$38,313.24"
TEACHER,"$38,287.56"
FOOD SVC MANAGER; FOOD-SVC,"$38,175.93"
DRIVER; TRANS DRIVER,"$38,172.50"
CLAS-NON; SECRETARY 183,"$38,136.52"
CLAS-NON,"$38,119.82"
INT-AIDE; INTERVENTION AIDE,"$38,082.78"
INT-AIDE; INTERVENTION AIDE,"$38,000.52"
INT-AIDE; LT-PLCMT,"$37,848.72"
ADMIN; ES ASST PRINCIPAL,"$37,830.23"
INT-AIDE; INTERVENTION AIDE,"$37,785.10"
FOOD-SVC,"$37,759.25"
CLAS-NON; SECRETARY 183,"$37,730.10"
INT-AIDE; INTERVENTION AIDE,"$37,604.40"
INT-AIDE; INTERVENTION AIDE,"$37,601.36"
INT-AIDE; INTERVENTION AIDE,"$37,576.67"
INT-AIDE; INTERVENTION AIDE,"$37,550.24"
CLAS-NON; SECRETARY 183,"$37,518.08"
INT-AIDE; INTERVENTION AIDE,"$37,449.04"
FOOD-SVC,"$37,409.39"
DRIVER; TRANS DRIVER,"$37,404.11"
DRIVER; TRANS DRIVER,"$37,397.00"
INT-AIDE; INTERVENTION AIDE,"$37,387.60"
ADMIN; ES ASST PRINCIPAL,"$37,337.50"
INT-AIDE; INTERVENTION AIDE,"$37,315.40"
TEACHER; TEACHER PT/JS,"$37,246.18"
INTERVENTION AIDE,"$37,238.56"
TEACHER; TEACHER PT/JS,"$37,231.00"
CLAS-NON; JOB COACH AIDE,"$37,226.25"
DRIVER; TRANS DRIVER,"$37,145.09"
TEACHER,"$37,134.70"
FOOD SVC WORKER; FOOD-SVC,"$37,075.99"
TEACHER; TEACHER PT/JS,"$37,054.12"
INT-AIDE; INTERVENTION AIDE,"$37,024.68"
CLAS-NON,"$36,984.68"
CLAS-NON; SECRETARY 183,"$36,951.25"
FOOD SVC MANAGER; FOOD-SVC,"$36,930.05"
TEACHER; TEACHER PT/JS,"$36,911.20"
INT-AIDE; INTERVENTION AIDE,"$36,900.76"
TEACHER; TEACHER PT 185,"$36,844.34"
DRIVER; TRANS DRIVER,"$36,840.86"
CLAS-NON; SECRETARY 183,"$36,790.18"
INT-AIDE; INTERVENTION AIDE,"$36,772.38"
INT-AIDE; INTERVENTION AIDE,"$36,761.00"
TEACHER,"$36,688.68"
INT-AIDE; INTERVENTION AIDE,"$36,656.22"
CLAS-NON; MONITOR/AIDE,"$36,611.95"
DRIVER; TRANS DRIVER,"$36,599.80"
INT-AIDE; INTERVENTION AIDE,"$36,555.55"
DRIVER; INTERVENTION SPECIALIST-0,"$36,555.04"
FOOD SVC WORKER; FOOD-SVC,"$36,536.68"
CMF,"$36,492.79"
DRIVER; TRANS DRIVER,"$36,478.93"
DRIVER; TRANS DRIVER,"$36,477.72"
ADMIN; SUPERVISOR STRS,"$36,416.70"
DRIVER; TRANS DRIVER,"$36,407.75"
FOOD SVC WORKER; FOOD-SVC,"$36,398.26"
DRIVER; TRANS DRIVER,"$36,384.37"
CMF,"$36,366.96"
INT-AIDE; INTERVENTION AIDE,"$36,355.02"
INT-AIDE; INTERVENTION AIDE,"$36,328.12"
INT-AIDE; INTERVENTION AIDE,"$36,280.81"
INT-AIDE; INTERVENTION AIDE,"$36,278.18"
INT-AIDE; INTERVENTION AIDE,"$36,223.52"
CLAS-NON,"$36,154.19"
INT-AIDE; INTERVENTION AIDE,"$36,150.18"
DRIVER; TRANS DRIVER,"$36,146.15"
INT-AIDE; INTERVENTION AIDE,"$36,125.67"
INT-AIDE; INTERVENTION AIDE,"$36,093.10"
CLAS-NON; LIBRARY AIDE,"$36,083.44"
LIBRARY AIDE,"$36,053.44"
INT-AIDE; INTERVENTION AIDE,"$36,041.88"
GUIDANCE COUNSELOR HS 200; TEACHER,"$36,009.28"
CLAS-NON,"$35,997.20"
INT-AIDE; INTERVENTION AIDE,"$35,970.52"
DRIVER,"$35,862.74"
DRIVER; TRANS DRIVER,"$35,799.07"
LT-PLCMT; SUB-CLAS,"$35,759.24"
CMF; MAINTENANCE,"$35,664.51"
DRIVER; TRANS DRIVER,"$35,651.72"
INT-AIDE; INTERVENTION AIDE,"$35,622.35"
DRIVER; TRANS DRIVER,"$35,615.77"
FOOD SVC WORKER; FOOD-SVC,"$35,588.66"
INT-AIDE; INTERVENTION AIDE,"$35,584.66"
INT-AIDE; INTERVENTION AIDE,"$35,517.90"
INT-AIDE; INTERVENTION SPECIALIST-0,"$35,517.44"
INT-AIDE; INTERVENTION AIDE,"$35,502.06"
INT-AIDE,"$35,482.10"
ADMIN; ES ASST PRINCIPAL,"$35,478.80"
INT-AIDE; INTERVENTION AIDE,"$35,478.28"
INT-AIDE; INTERVENTION AIDE,"$35,406.58"
INT-AIDE; INTERVENTION AIDE,"$35,391.90"
DRIVER; TRANS DRIVER,"$35,381.38"
INT-AIDE; INTERVENTION AIDE,"$35,369.14"
FOOD SVC WORKER; FOOD-SVC,"$35,310.37"
INT-AIDE; INTERVENTION AIDE,"$35,298.44"
FOOD SVC WORKER; FOOD-SVC,"$35,267.73"
INT-AIDE; INTERVENTION AIDE,"$35,256.16"
INT-AIDE; INTERVENTION AIDE,"$35,256.16"
INT-AIDE; INTERVENTION AIDE,"$35,256.16"
DRIVER; TRANS DRIVER,"$35,189.12"
INT-AIDE; INTERVENTION AIDE,"$35,185.94"
INT-AIDE; INTERVENTION AIDE,"$35,182.44"
FOOD SVC MANAGER; FOOD-SVC,"$35,171.56"
ADMIN,"$35,000.00"
INT-AIDE; INTERVENTION AIDE,"$34,970.43"
INT-AIDE; INTERVENTION AIDE,"$34,919.31"
INT-AIDE,"$34,892.48"
INT-AIDE; INTERVENTION AIDE,"$34,858.40"
DRIVER; TRANS DRIVER,"$34,849.15"
FOOD SVC MANAGER; FOOD-SVC,"$34,810.71"
DRIVER; TRANS DRIVER,"$34,788.47"
FOOD SVC WORKER; FOOD-SVC,"$34,787.60"
INT-AIDE; INTERVENTION AIDE,"$34,670.40"
INT-AIDE; INTERVENTION AIDE,"$34,624.89"
INT-AIDE; INTERVENTION AIDE,"$34,614.48"
CLAS-NON,"$34,589.70"
INT-AIDE; INTERVENTION AIDE,"$34,574.16"
TEACHER,"$34,545.32"
CMF,"$34,527.71"
INT-AIDE; INTERVENTION AIDE,"$34,514.01"
DRIVER; TRANS DRIVER,"$34,512.54"
INT-AIDE; INTERVENTION AIDE,"$34,506.42"
CMF; MAINTENANCE,"$34,501.70"
INT-AIDE; INTERVENTION AIDE; LT-PLCMT,"$34,500.64"
CMF; CUSTODIAN-0,"$34,496.99"
INT-AIDE,"$34,477.92"
CLAS-NON; MONITOR/AIDE,"$34,458.31"
INT-AIDE; INTERVENTION AIDE,"$34,454.93"
CLAS-NON; SECRETARY 183,"$34,429.00"
EL SPECIALIST; TEACHER,"$34,416.12"
FOOD SVC WORKER; FOOD-SVC,"$34,340.05"
TEACHER,"$34,311.65"
INTERVENTION SPECIALIST-0; TEACHER,"$34,289.71"
INT-AIDE; INTERVENTION AIDE,"$34,125.92"
DRIVER; SUB-CLAS; TRANS DRIVER,"$34,057.64"
ADMIN; ES ASST PRINCIPAL,"$34,041.70"
TEACHER; TEACHER PT 185,"$34,011.24"
INT-AIDE,"$34,004.96"
CLAS-NON; SECRETARY 183,"$33,984.57"
INT-AIDE; INTERVENTION AIDE,"$33,966.68"
FOOD SVC MANAGER; FOOD-SVC,"$33,953.01"
DRIVER; TRANS DRIVER,"$33,934.02"
DRIVER; TRANS DRIVER,"$33,933.69"
INT-AIDE; INTERVENTION AIDE,"$33,907.60"
DRIVER; TRANS DRIVER,"$33,893.88"
INT-AIDE; INTERVENTION AIDE,"$33,892.60"
INT-AIDE; INTERVENTION AIDE,"$33,891.85"
INT-AIDE; INTERVENTION AIDE,"$33,841.15"
INT-AIDE; INTERVENTION AIDE,"$33,747.26"
DRIVER; TRANS DRIVER,"$33,720.53"
INT-AIDE,"$33,687.04"
INT-AIDE; INTERVENTION AIDE,"$33,674.38"
INTERVENTION AIDE,"$33,655.20"
INT-AIDE; INTERVENTION AIDE,"$33,624.30"
TEACHER,"$33,583.94"
DRIVER; TRANS DRIVER,"$33,544.80"
EL SPECIALIST; TEACHER,"$33,443.62"
DRIVER; TRANS DRIVER,"$33,435.10"
INT-AIDE; INTERVENTION AIDE,"$33,371.46"
INTERVENTION SPECIALIST; TEACHER,"$33,366.12"
INT-AIDE; INTERVENTION AIDE,"$33,351.54"
INT-AIDE; INTERVENTION AIDE,"$33,342.96"
INT-AIDE; INTERVENTION AIDE,"$33,256.76"
INT-AIDE; INTERVENTION AIDE,"$33,250.72"
DRIVER; TRANS DRIVER,"$33,223.62"
INT-AIDE; INTERVENTION AIDE,"$33,158.48"
TEACHER,"$33,141.24"
INT-AIDE; INTERVENTION AIDE,"$33,121.99"
CMF; CUSTODIAN-0,"$33,107.64"
DRIVER; TRANS DRIVER,"$33,093.85"
INTERVENTION AIDE,"$33,066.24"
INTERVENTION AIDE,"$33,066.24"
INTERVENTION AIDE,"$33,066.24"
DRIVER; TRANS DRIVER,"$33,010.89"
INT-AIDE; INTERVENTION AIDE,"$32,994.89"
DRIVER; TRANS DRIVER,"$32,987.51"
INT-AIDE; INTERVENTION AIDE,"$32,737.11"
INT-AIDE; INTERVENTION AIDE,"$32,717.90"
FOOD SVC MANAGER; FOOD-SVC,"$32,689.22"
FOOD SVC WORKER; FOOD-SVC,"$32,633.72"
DRIVER; TRANS DRIVER,"$32,616.22"
INT-AIDE; INTERVENTION AIDE,"$32,528.40"
INT-AIDE; INTERVENTION AIDE,"$32,519.16"
DRIVER; TRANS DRIVER,"$32,468.06"
CLAS-NON; SECRETARY 183,"$32,447.90"
INT-AIDE; INTERVENTION AIDE,"$32,428.24"
INT-AIDE; INTERVENTION AIDE,"$32,428.24"
INT-AIDE; INTERVENTION AIDE,"$32,407.78"
INT-AIDE; INTERVENTION AIDE,"$32,405.51"
CLAS-NON,"$32,386.09"
INT-AIDE; INTERVENTION AIDE,"$32,382.78"
INT-AIDE; INTERVENTION AIDE,"$32,360.14"
INT-AIDE; INTERVENTION AIDE,"$32,356.24"
INT-AIDE; INTERVENTION AIDE,"$32,313.90"
FOOD SVC WORKER; FOOD-SVC,"$32,303.27"
CLAS-NON; SECRETARY 226,"$32,294.94"
LIBRARY AIDE,"$32,282.62"
INTERVENTION AIDE,"$32,246.40"
INTERVENTION AIDE,"$32,246.40"
CLAS-NON; SECRETARY 183,"$32,199.16"
CLAS-NON; JOB COACH AIDE,"$32,116.56"
CLAS-NON; SECRETARY 183,"$32,089.20"
CMF,"$32,089.00"
FOOD-SVC; INT-AIDE; INTERVENTION AIDE,"$32,088.02"
TEACHER,"$32,004.32"
INT-AIDE; INTERVENTION AIDE,"$31,948.81"
INT-AIDE; INTERVENTION AIDE,"$31,868.78"
DRIVER; TRANS DRIVER,"$31,815.34"
INT-AIDE; INTERVENTION AIDE,"$31,800.38"
INTERVENTION AIDE,"$31,777.60"
TEACHER,"$31,702.78"
INT-AIDE; INTERVENTION AIDE,"$31,697.20"
CMF,"$31,687.30"
INT-AIDE; INTERVENTION AIDE,"$31,679.52"
INT-AIDE; INTERVENTION AIDE,"$31,659.00"
INT-AIDE; INTERVENTION AIDE,"$31,642.79"
INT-AIDE; INTERVENTION AIDE,"$31,635.84"
INT-AIDE; INTERVENTION AIDE,"$31,630.04"
INT-AIDE; INTERVENTION AIDE,"$31,615.54"
INT-AIDE; INTERVENTION AIDE,"$31,588.52"
INT-AIDE; INTERVENTION AIDE,"$31,587.04"
INT-AIDE; INTERVENTION AIDE,"$31,587.04"
INT-AIDE; SUB-CLAS,"$31,551.40"
GUIDANCE COUNSELOR HS 200; TEACHER,"$31,543.17"
TEACHER,"$31,530.64"
INT-AIDE; INTERVENTION AIDE,"$31,519.78"
TEACHER,"$31,505.64"
INTERVENTION SPECIALIST; TEACHER,"$31,505.64"
INTERVENTION SPECIALIST; TEACHER,"$31,505.64"
TEACHER,"$31,505.64"
INT-AIDE; INTERVENTION AIDE,"$31,498.88"
INT-AIDE; INTERVENTION AIDE,"$31,498.88"
INT-AIDE; INTERVENTION AIDE,"$31,498.88"
INT-AIDE; INTERVENTION AIDE,"$31,498.88"
INT-AIDE; INTERVENTION AIDE,"$31,468.58"
INT-AIDE; INTERVENTION AIDE,"$31,467.35"
INT-AIDE; INTERVENTION AIDE,"$31,454.80"
FOOD SVC WORKER; FOOD-SVC,"$31,422.89"
INT-AIDE; INTERVENTION AIDE,"$31,410.72"
DRIVER; TRANS DRIVER,"$31,396.56"
INT-AIDE; INTERVENTION AIDE,"$31,365.38"
INT-AIDE; INTERVENTION AIDE,"$31,351.06"
INTERVENTION AIDE,"$31,322.56"
INTERVENTION AIDE,"$31,322.56"
INTERVENTION AIDE,"$31,322.56"
INTERVENTION AIDE,"$31,322.56"
INT-AIDE; INTERVENTION AIDE,"$31,318.16"
INT-AIDE; INTERVENTION AIDE,"$31,315.15"
DRIVER; TRANS DRIVER,"$31,301.49"
DRIVER; TRANS DRIVER,"$31,279.04"
INT-AIDE; INTERVENTION AIDE,"$31,225.81"
INT-AIDE; INTERVENTION AIDE,"$31,203.10"
FOOD SVC WORKER; FOOD-SVC,"$31,154.19"
INT-AIDE; INTERVENTION AIDE,"$31,141.94"
CLAS-NON; MONITOR/AIDE,"$31,101.72"
DRIVER; TRANS DRIVER,"$31,097.80"
DRIVER; TRANS DRIVER,"$31,037.77"
DRIVER; TRANS DRIVER,"$31,037.13"
INT-AIDE; INTERVENTION AIDE,"$31,022.32"
FOOD SVC WORKER; FOOD-SVC,"$31,001.11"
ADMIN,"$30,942.90"
ADMIN,"$30,942.90"
ADMIN,"$30,942.90"
DRIVER; LT-PLCMT,"$30,934.03"
CLAS-NON; MONITOR/AIDE,"$30,924.46"
INT-AIDE; INTERVENTION AIDE,"$30,920.97"
TEACHER,"$30,916.60"
DRIVER; TRANS DRIVER,"$30,879.20"
CMF,"$30,855.83"
CLAS-NON,"$30,855.73"
INT-AIDE; INTERVENTION AIDE,"$30,779.36"
INT-AIDE; INTERVENTION AIDE,"$30,779.36"
INT-AIDE; INTERVENTION AIDE,"$30,779.36"
FOOD SVC WORKER; FOOD-SVC,"$30,768.24"
DRIVER; TRANS DRIVER,"$30,738.28"
INT-AIDE; INTERVENTION AIDE,"$30,730.40"
FOOD-SVC,"$30,694.67"
INT-AIDE; INTERVENTION AIDE,"$30,693.68"
INT-AIDE,"$30,691.82"
TEACHER,"$30,674.10"
INT-AIDE; INTERVENTION AIDE,"$30,644.82"
INT-AIDE; INTERVENTION AIDE,"$30,608.00"
DRIVER; TRANS DRIVER,"$30,529.33"
INTERVENTION AIDE,"$30,522.32"
INTERVENTION AIDE,"$30,522.32"
CLAS-NON,"$30,507.76"
TEACHER,"$30,441.60"
CLERKS,"$30,322.28"
INT-AIDE; INTERVENTION AIDE,"$30,312.48"
CLAS-NON; MONITOR/AIDE,"$30,291.24"
INT-AIDE; INTERVENTION AIDE,"$30,281.60"
TEACHER,"$30,262.97"
DRIVER; TRANS DRIVER,"$30,256.80"
LIBRARY AIDE,"$30,246.24"
DRIVER; TRANS DRIVER,"$30,227.79"
INT-AIDE; INTERVENTION AIDE,"$30,165.38"
INT-AIDE; INTERVENTION AIDE,"$30,143.83"
INT-AIDE; INTERVENTION AIDE,"$30,107.76"
CLAS-NON,"$30,090.08"
DRIVER; TRANS DRIVER,"$30,060.83"
FOOD SVC WORKER; FOOD-SVC,"$30,039.55"
INT-AIDE,"$30,030.48"
INT-AIDE; LT-PLCMT; SUB-CLAS,"$29,953.74"
FOOD SVC WORKER; FOOD-SVC,"$29,953.24"
DRIVER; TRANS DRIVER,"$29,921.65"
DRIVER; TRANS DRIVER,"$29,895.90"
INTERVENTION AIDE,"$29,863.20"
INTERVENTION AIDE,"$29,863.20"
CLAS-NON; CLERKS,"$29,796.00"
CLAS-NON,"$29,784.72"
CLAS-NON; JOB COACH AIDE,"$29,763.51"
LIBRARY/MEDIA SPC ES; TEACHER,"$29,727.09"
DRIVER; TRANS DRIVER,"$29,672.31"
DRIVER; TRANS DRIVER,"$29,651.94"
INT-AIDE; INTERVENTION AIDE,"$29,629.04"
FOOD SVC MANAGER; FOOD-SVC,"$29,600.21"
INT-AIDE; INTERVENTION AIDE,"$29,599.94"
INTERVENTION AIDE,"$29,421.40"
GUIDANCE COUNSELOR ES 191; TEACHER,"$29,405.67"
FOOD SVC MANAGER; FOOD-SVC,"$29,321.25"
SUB-CLAS; SUPERVISOR SERS,"$29,273.80"
FOOD SVC WORKER; FOOD-SVC,"$29,229.95"
CLAS-NON; LT-PLCMT; SECRETARY 183,"$29,169.01"
INT-AIDE; INTERVENTION AIDE,"$29,167.40"
FOOD SVC WORKER; FOOD-SVC,"$29,163.95"
INT-AIDE; INTERVENTION SPECIALIST-0; TEACHER,"$29,099.12"
INT-AIDE; INTERVENTION AIDE,"$29,042.46"
CLAS-NON; SECRETARY 183,"$28,976.78"
INT-AIDE,"$28,970.78"
LIBRARY AIDE,"$28,874.55"
ADMIN; STRS MENTAL HEALTH SPC,"$28,833.33"
CLAS-NON; MONITOR/AIDE,"$28,817.64"
TEACHER,"$28,776.48"
CLAS-NON; MONITOR/AIDE,"$28,761.05"
DRIVER; TRANS DRIVER,"$28,711.79"
DRIVER; TRANS DRIVER,"$28,622.01"
INT-AIDE; INTERVENTION AIDE,"$28,528.48"
CMF,"$28,496.61"
INTERVENTION SPECIALIST; TEACHER,"$28,486.68"
TEACHER,"$28,486.68"
TEACHER,"$28,486.68"
CLAS-NON,"$28,421.12"
LITERACY SPECIALIST; TEACHER,"$28,322.64"
FOOD SVC WORKER; FOOD-SVC,"$28,161.74"
FOOD-SVC,"$28,134.49"
FOOD SVC WORKER; FOOD-SVC,"$28,113.51"
DRIVER; TRANS DRIVER,"$28,106.45"
TEACHER,"$27,994.68"
INT-AIDE; INTERVENTION AIDE,"$27,948.58"
INTERVENTION SPECIALIST; TEACHER,"$27,907.44"
MONITOR/AIDE,"$27,864.80"
LIBRARY AIDE,"$27,864.80"
FOOD SVC WORKER; FOOD-SVC,"$27,802.89"
TEACHER,"$27,757.06"
CLAS-NON,"$27,703.80"
FOOD SVC WORKER; FOOD-SVC,"$27,700.85"
DRIVER; TRANS DRIVER,"$27,658.39"
FOOD SVC WORKER; FOOD-SVC,"$27,654.76"
NETWORK SPECIALIST,"$27,614.25"
DRIVER; TRANS DRIVER,"$27,565.98"
FOOD SVC WORKER; FOOD-SVC,"$27,560.80"
CLAS-NON; SUB-CLAS,"$27,472.46"
CMF,"$27,458.82"
INTERVENTION SPECIALIST; TEACHER,"$27,328.56"
INT-AIDE; INTERVENTION AIDE; LT-PLCMT,"$27,259.25"
CMF; CUSTODIAN-0,"$27,252.81"
FOOD SVC WORKER; FOOD-SVC,"$27,190.88"
DRIVER; TRANS DRIVER,"$27,172.40"
FOOD SVC WORKER; FOOD-SVC,"$27,137.30"
DRIVER; TRANS DRIVER,"$27,097.47"
CLAS-NON; CLERKS,"$27,052.86"
CLAS-NON; MONITOR/AIDE,"$26,917.04"
DRIVER; SUB-CLAS; TRANS DRIVER,"$26,897.49"
ADMIN; STRS MENTAL HEALTH SPC,"$26,888.90"
DRIVER; TRANS DRIVER,"$26,615.07"
CLAS-NON,"$26,609.88"
DRIVER; SUB-CLAS; TRANS DRIVER,"$26,582.39"
INT-AIDE; MONITOR/AIDE,"$26,553.04"
DRIVER; TRANS DRIVER,"$26,529.59"
INTERVENTION AIDE,"$26,494.09"
ADMIN; STRS MENTAL HEALTH SPC,"$26,388.90"
TEACHER,"$26,387.68"
DRIVER; TRANS DRIVER,"$26,296.65"
CUSTODIAN; EL SPECIALIST; TEACHER,"$26,269.54"
INT-AIDE; INTERVENTION AIDE,"$26,258.81"
CMF,"$26,253.19"
DRIVER; TRANS DRIVER,"$26,188.77"
TEACHER,"$26,053.02"
FOOD SVC WORKER; FOOD-SVC,"$26,018.75"
INT-AIDE; INTERVENTION AIDE,"$26,005.58"
INT-AIDE; INTERVENTION AIDE,"$25,951.17"
TEACHER,"$25,933.20"
INTERVENTION SPECIALIST; TEACHER,"$25,771.56"
TEACHER,"$25,771.56"
FOOD SVC WORKER; FOOD-SVC,"$25,650.71"
MONITOR/AIDE,"$25,599.87"
DRIVER; TRANS DRIVER,"$25,583.62"
ADMIN,"$25,555.56"
DRIVER; TRANS DRIVER,"$25,533.97"
ADMIN; STRS MENTAL HEALTH SPC,"$25,500.00"
ADMIN; STRS MENTAL HEALTH SPC,"$25,500.00"
ADMIN; STRS MENTAL HEALTH SPC,"$25,500.00"
ADMIN; STRS SCHOOL SOCIAL WORKER,"$25,388.49"
FOOD SVC WORKER; FOOD-SVC,"$25,309.45"
FOOD SVC WORKER; FOOD-SVC,"$25,286.87"
CLAS-NON; SUB-CLAS,"$25,278.04"
MONITOR/AIDE,"$25,229.60"
FOOD SVC WORKER; FOOD-SVC,"$25,133.54"
FOOD SVC WORKER; FOOD-SVC,"$25,095.51"
TEACHER,"$25,081.80"
INTERVENTION SPECIALIST; TEACHER,"$25,079.20"
INT-AIDE; INTERVENTION AIDE,"$25,046.81"
CLAS-NON,"$25,005.12"
TEACHER,"$24,934.87"
TEACHER,"$24,885.70"
INT-AIDE; INTERVENTION AIDE; LT-PLCMT,"$24,772.11"
FOOD SVC WORKER; FOOD-SVC,"$24,742.18"
CLAS-NON,"$24,634.24"
ESC-CERT; INTERN,"$24,528.00"
ESC-CERT; INTERN,"$24,528.00"
DRIVER,"$24,521.91"
FOOD SVC WORKER; FOOD-SVC,"$24,481.98"
CMF,"$24,452.45"
CMF; CUSTODIAN,"$24,420.63"
FOOD-SVC; INT-AIDE; INTERVENTION AIDE,"$24,353.19"
CLERKS,"$24,282.64"
CLAS-NON; FOOD-SVC; MONITOR/AIDE,"$24,244.46"
FOOD-SVC,"$24,239.87"
FOOD SVC WORKER; FOOD-SVC,"$24,176.04"
DRIVER; TRANS DRIVER,"$24,127.14"
INTERVENTION SPECIALIST,"$24,124.32"
INT-AIDE; INTERVENTION AIDE; LT-PLCMT,"$24,091.76"
INT-AIDE; SUB-CLAS,"$24,022.64"
INTERVENTION SPECIALIST; TEACHER,"$23,826.60"
INT-AIDE; INTERVENTION AIDE,"$23,823.28"
EL SPECIALIST PT/JS; LT-PLCMT; TEACHER,"$23,661.66"
INT-AIDE,"$23,652.80"
FOOD-SVC,"$23,563.26"
DRIVER; TRANS DRIVER,"$23,474.29"
FOOD SVC WORKER; FOOD-SVC,"$23,462.25"
TEACHER,"$23,379.36"
TEACHER,"$23,379.36"
INT-AIDE; INTERVENTION AIDE,"$23,298.27"
FOOD-SVC,"$23,257.72"
CLINIC AIDE; SUB-CLAS,"$23,228.44"
SUB-CLAS,"$23,123.04"
FOOD SVC WORKER; FOOD-SVC,"$23,068.42"
FOOD SVC WORKER; FOOD-SVC,"$23,034.64"
INT-AIDE; INTERVENTION AIDE; LT-PLCMT,"$23,014.92"
FOOD SVC WORKER; FOOD-SVC,"$22,999.16"
INT-AIDE,"$22,983.28"
CLAS-NON; MONITOR/AIDE,"$22,798.57"
MONITOR/AIDE,"$22,755.40"
ESC-CERT; INT-AIDE,"$22,725.94"
FOOD-SVC; LT-PLCMT,"$22,706.97"
FOOD SVC WORKER; FOOD-SVC,"$22,626.07"
TEACHER,"$22,527.96"
DRIVER; SUB-CLAS; TRANS DRIVER,"$22,340.61"
INT-AIDE,"$22,329.28"
CLAS-NON; SECRETARY 226,"$22,271.20"
CLAS-NON; SECRETARY 226,"$22,271.20"
CLAS-NON; SECRETARY 226,"$22,271.20"
TEACHER,"$22,258.52"
LT-PLCMT; SUB-CLAS,"$22,219.30"
INT-AIDE,"$22,202.26"
INT-AIDE; INTERVENTION AIDE; LT-PLCMT,"$22,195.76"
INT-AIDE; INTERVENTION AIDE; LT-PLCMT,"$22,195.48"
LT-PLCMT; SUB-CLAS,"$22,163.05"
DRIVER,"$22,159.75"
FOOD SVC WORKER; FOOD-SVC,"$22,142.56"
TEACHER; TEACHER-0,"$22,113.94"
INT-AIDE; INTERVENTION AIDE; LT-PLCMT,"$22,108.21"
INTERVENTION SPECIALIST; TEACHER,"$22,103.52"
TEACHER,"$22,103.52"
TEACHER,"$22,103.52"
INT-AIDE,"$22,018.72"
INT-AIDE; INTERVENTION AIDE; LT-PLCMT,"$21,991.13"
DRIVER,"$21,953.25"
FOOD SVC WORKER; FOOD-SVC,"$21,935.95"
FOOD-SVC,"$21,879.73"
MONITOR/AIDE,"$21,859.28"
INT-AIDE; INTERVENTION AIDE; LT-PLCMT,"$21,818.80"
TEACHER,"$21,676.92"
LT-PLCMT,"$21,605.44"
TEACHER; TEACHER-0,"$21,601.44"
INT-AIDE; INTERVENTION AIDE; SUB-CLAS,"$21,590.15"
TEACHER,"$21,586.14"
INT-AIDE; INTERVENTION AIDE; LT-PLCMT,"$21,534.52"
CLAS-NON,"$21,530.96"
INT-AIDE; INTERVENTION AIDE; LT-PLCMT,"$21,495.78"
CLAS-NON,"$21,413.44"
INT-AIDE; INTERVENTION AIDE; LT-PLCMT,"$21,391.31"
INTERVENTION SPECIALIST; TEACHER,"$21,375.44"
INT-AIDE; INTERVENTION AIDE; LT-PLCMT,"$21,373.08"
ADMIN; STRS SCHOOL SOCIAL WORKER,"$21,333.30"
ADMIN; STRS SCHOOL SOCIAL WORKER,"$21,333.30"
INT-AIDE; INTERVENTION AIDE; LT-PLCMT,"$21,333.24"
LT-PLCMT; SUB-CLAS,"$21,306.98"
EL SPECIALIST-0; TEACHER,"$21,193.48"
INT-AIDE; INTERVENTION AIDE; LT-PLCMT,"$21,175.62"
FOOD SVC WORKER; FOOD-SVC,"$21,166.37"
INT-AIDE,"$21,034.16"
CLAS-NON; SECRETARY 226,"$21,032.64"
INT-AIDE; INTERVENTION AIDE; LT-PLCMT,"$21,019.60"
LT-PLCMT,"$20,992.54"
TEACHER,"$20,875.52"
DRIVER,"$20,863.76"
LT-PLCMT; SUB-CLAS,"$20,852.28"
INTERVENTION AIDE; LT-PLCMT,"$20,827.22"
INT-AIDE; INTERVENTION AIDE; LT-PLCMT,"$20,823.12"
INTERVENTION SPECIALIST; TEACHER,"$20,791.16"
INT-AIDE; INTERVENTION AIDE,"$20,717.63"
INT-AIDE; INTERVENTION AIDE; LT-PLCMT,"$20,696.62"
SUP-ATHL,"$20,679.00"
FOOD SVC WORKER; FOOD-SVC,"$20,661.34"
LT-PLCMT,"$20,644.55"
INT-AIDE,"$20,617.84"
EL SPECIALIST; TEACHER,"$20,611.16"
CLAS-NON; LT-PLCMT; MONITOR/AIDE,"$20,584.40"
ESC-CLAS; LT-PLCMT,"$20,581.37"
SUB-CLAS,"$20,520.71"
TEACHER; TEACHER PT/JS,"$20,494.44"
DRIVER,"$20,487.77"
INT-AIDE; INTERVENTION AIDE; LT-PLCMT,"$20,463.12"
INT-AIDE,"$20,459.20"
INT-AIDE; INTERVENTION AIDE; LT-PLCMT; SUB-CLAS,"$20,420.43"
INT-AIDE; LT-PLCMT; SUB-CLAS,"$20,395.45"
FOOD SVC WORKER; FOOD-SVC,"$20,383.48"
INT-AIDE; INTERVENTION AIDE; LT-PLCMT,"$20,316.26"
FOOD SVC WORKER; FOOD-SVC,"$20,225.02"
INT-AIDE; INTERVENTION AIDE; LT-PLCMT,"$20,217.32"
LT-PLCMT,"$20,183.80"
SUB-CLAS,"$20,164.20"
CLAS-NON,"$20,133.50"
INTERVENTION SPECIALIST-0; TEACHER,"$20,051.98"
CMF,"$20,008.61"
TEACHER,"$19,986.82"
ESC-CERT; INT-AIDE,"$19,956.24"
FOOD SVC WORKER; FOOD-SVC,"$19,922.99"
TEACHER,"$19,902.48"
CLAS-NON; MONITOR/AIDE,"$19,885.16"
FOOD SVC WORKER; FOOD-SVC,"$19,849.11"
CLERKS,"$19,820.26"
INT-AIDE; INTERVENTION AIDE; LT-PLCMT; SUB-CLAS,"$19,766.64"
FOOD SVC WORKER; FOOD-SVC,"$19,725.38"
LT-PLCMT,"$19,647.85"
LT-PLCMT,"$19,623.30"
SUP-ATHL,"$19,592.30"
LT-PLCMT,"$19,591.73"
FOOD SVC MANAGER; FOOD-SVC,"$19,556.12"
FOOD SVC WORKER; FOOD-SVC,"$19,447.79"
MONITOR/AIDE,"$19,440.66"
LT-PLCMT,"$19,413.84"
LT-PLCMT,"$19,382.61"
LT-PLCMT; SUB-CLAS,"$19,320.84"
CMF; CUSTODIAN-0,"$19,290.04"
DRIVER,"$19,256.12"
INT-AIDE; INTERVENTION AIDE-0; LT-PLCMT,"$19,235.97"
CLAS-NON; LT-PLCMT; SECRETARY 183,"$19,189.58"
TEACHER; TEACHER-0,"$19,176.36"
LT-PLCMT,"$19,176.18"
MONITOR/AIDE,"$19,153.29"
INTERVENTION AIDE; LT-PLCMT,"$19,147.24"
LT-PLCMT; SUB-CLAS,"$19,142.98"
LT-PLCMT,"$19,118.74"
LT-PLCMT,"$19,110.40"
INT-AIDE; INTERVENTION AIDE; LT-PLCMT,"$19,103.29"
LT-PLCMT,"$19,100.77"
LT-PLCMT,"$19,093.98"
LT-PLCMT,"$18,999.48"
CLAS-NON; MONITOR/AIDE,"$18,989.38"
INT-AIDE; INTERVENTION AIDE-0; LT-PLCMT,"$18,951.24"
TEACHER,"$18,923.12"
MONITOR/AIDE,"$18,903.86"
LT-PLCMT,"$18,884.48"
LT-PLCMT,"$18,854.10"
LT-PLCMT,"$18,846.43"
LT-PLCMT,"$18,843.46"
ESC-CLAS,"$18,788.00"
LT-PLCMT,"$18,778.90"
LT-PLCMT,"$18,755.36"
LT-PLCMT,"$18,700.30"
LT-PLCMT,"$18,690.47"
LT-PLCMT,"$18,681.96"
CLAS-NON; MONITOR/AIDE,"$18,649.99"
CLERKS,"$18,645.58"
LT-PLCMT,"$18,639.45"
LT-PLCMT,"$18,637.34"
LT-PLCMT,"$18,604.48"
LT-PLCMT,"$18,585.13"
LT-PLCMT,"$18,543.18"
TEACHER,"$18,512.62"
LT-PLCMT,"$18,499.48"
INTERVENTION SPECIALIST; TEACHER,"$18,489.36"
INTERVENTION SPECIALIST; TEACHER,"$18,485.12"
LT-PLCMT,"$18,478.22"
INTERVENTION SPECIALIST-0; TEACHER,"$18,476.44"
TEACHER,"$18,460.12"
FOOD SVC WORKER; FOOD-SVC; SUB-CLAS,"$18,454.56"
TEACHER,"$18,435.12"
FOOD SVC WORKER; FOOD-SVC,"$18,415.19"
LT-PLCMT,"$18,405.97"
FOOD SVC WORKER; FOOD-SVC,"$18,349.38"
LT-PLCMT; SUB-CLAS,"$18,339.35"
INTERVENTION SPECIALIST-0; TEACHER,"$18,321.44"
LT-PLCMT,"$18,320.14"
LT-PLCMT,"$18,295.08"
INT-AIDE; INTERVENTION AIDE; LT-PLCMT,"$18,288.24"
LT-PLCMT; SUB-CLAS,"$18,282.50"
LT-PLCMT,"$18,274.34"
FOOD SVC WORKER; FOOD-SVC,"$18,209.11"
LT-PLCMT,"$18,168.58"
LT-PLCMT; SUB-CLAS,"$18,144.38"
LT-PLCMT,"$18,095.08"
LT-PLCMT,"$18,089.60"
LT-PLCMT; SUB-CLAS,"$18,068.24"
DRIVER,"$18,066.87"
FOOD SVC WORKER; FOOD-SVC,"$18,066.69"
LT-PLCMT,"$18,039.72"
INT-AIDE; INTERVENTION AIDE; LT-PLCMT,"$18,016.92"
LT-PLCMT,"$17,935.48"
FOOD SVC WORKER; FOOD-SVC,"$17,918.76"
LT-PLCMT; SUB-CLAS,"$17,880.37"
SUB-CLAS,"$17,861.75"
TEACHER; TEACHER-0,"$17,856.44"
INTERVENTION SPECIALIST-0; TEACHER,"$17,856.44"
TEACHER; TEACHER-0,"$17,856.44"
DRIVER; SUB-CLAS,"$17,806.77"
TEACHER; TEACHER-0,"$17,778.94"
INT-AIDE,"$17,775.28"
TEACHER; TEACHER-0,"$17,768.94"
LT-PLCMT,"$17,755.20"
TEACHER; TEACHER-0,"$17,728.94"
LT-PLCMT; SUB-CLAS,"$17,723.41"
TEACHER; TEACHER-0,"$17,701.44"
TEACHER; TEACHER-0,"$17,701.44"
INTERVENTION SPECIALIST-0; TEACHER,"$17,701.44"
TEACHER; TEACHER-0,"$17,701.44"
TEACHER; TEACHER-0,"$17,701.44"
TEACHER; TEACHER-0,"$17,701.44"
LT-PLCMT,"$17,695.00"
LT-PLCMT; SUB-CLAS,"$17,671.11"
TEACHER; TEACHER-0,"$17,651.44"
LT-PLCMT,"$17,630.42"
LT-PLCMT,"$17,607.70"
FOOD SVC MANAGER; FOOD-SVC; LT-PLCMT,"$17,590.46"
LT-PLCMT,"$17,576.07"
FOOD SVC WORKER; FOOD-SVC,"$17,527.75"
LT-PLCMT,"$17,502.96"
LT-PLCMT; SUB-CLAS,"$17,500.76"
INT-AIDE,"$17,491.53"
LT-PLCMT,"$17,456.50"
LT-PLCMT,"$17,423.10"
MONITOR/AIDE,"$17,415.46"
INT-AIDE; INTERVENTION AIDE-0; LT-PLCMT,"$17,324.64"
CMF,"$17,236.58"
LT-PLCMT,"$17,232.06"
LT-PLCMT; SUB-CLAS,"$17,229.23"
LT-PLCMT,"$17,221.95"
LT-PLCMT; SUB-CLAS,"$17,210.15"
FOOD SVC WORKER; FOOD-SVC,"$17,189.11"
CLINIC AIDE; INT-AIDE,"$17,171.00"
LT-PLCMT,"$17,129.79"
CLAS-NON; MONITOR/AIDE,"$17,119.96"
LT-PLCMT,"$17,103.51"
INT-AIDE; INTERVENTION AIDE; SUB-CLAS,"$17,096.47"
FOOD SVC WORKER; FOOD-SVC,"$17,024.64"
INT-AIDE,"$16,991.21"
LT-PLCMT,"$16,947.05"
MONITOR/AIDE,"$16,942.73"
MONITOR/AIDE,"$16,942.73"
LT-PLCMT,"$16,907.52"
FOOD SVC WORKER; FOOD-SVC,"$16,906.06"
INT-AIDE; INTERVENTION AIDE; LT-PLCMT,"$16,899.93"
LT-PLCMT,"$16,870.30"
FOOD SVC WORKER; FOOD-SVC,"$16,851.88"
LT-PLCMT,"$16,820.50"
LT-PLCMT; SUB-CLAS,"$16,813.36"
LT-PLCMT,"$16,760.06"
LT-PLCMT,"$16,736.01"
DRIVER; LT-PLCMT; SUB-CLAS; TRANS DRIVER,"$16,734.73"
FOOD SVC WORKER; FOOD-SVC,"$16,726.47"
TEACHER,"$16,713.79"
CLAS-NON; MONITOR/AIDE,"$16,712.59"
CLAS-NON; CLERKS,"$16,681.12"
SUB-CLAS,"$16,674.28"
FOOD SVC WORKER; FOOD-SVC,"$16,667.57"
LT-PLCMT,"$16,661.84"
LT-PLCMT,"$16,601.93"
LT-PLCMT; SUB-CLAS,"$16,575.27"
LT-PLCMT,"$16,508.17"
LT-PLCMT,"$16,486.49"
SUB-CLAS,"$16,465.81"
SUP-ATHL,"$16,374.00"
FOOD SVC WORKER; FOOD-SVC,"$16,328.60"
INT-AIDE; INTERVENTION AIDE; SUB-CLAS,"$16,326.38"
FOOD SVC WORKER; FOOD-SVC,"$16,317.00"
FOOD SVC WORKER; FOOD-SVC,"$16,294.70"
LT-PLCMT,"$16,246.61"
DRIVER,"$16,244.85"
DIRECTOR SERS,"$16,235.28"
CLAS-NON; MONITOR/AIDE,"$16,212.00"
DRIVER; TRANS DRIVER,"$16,211.34"
LT-PLCMT,"$16,062.37"
LT-PLCMT,"$16,025.48"
LT-PLCMT,"$15,974.39"
TEACHER; TEACHER PT/JS,"$15,973.76"
LT-PLCMT,"$15,905.23"
LT-PLCMT; SUB-CLAS,"$15,904.48"
LT-PLCMT,"$15,846.34"
FOOD SVC WORKER; FOOD-SVC,"$15,825.07"
TEACHER,"$15,716.90"
FOOD SVC WORKER; FOOD-SVC,"$15,637.81"
SUB-CLAS,"$15,615.00"
CLAS-NON; MONITOR/AIDE,"$15,556.03"
LT-PLCMT; SUB-CLAS,"$15,508.04"
LT-PLCMT,"$15,496.20"
DRIVER; TRANS DRIVER,"$15,494.83"
LT-PLCMT,"$15,385.37"
FOOD SVC WORKER; FOOD-SVC,"$15,297.44"
LT-PLCMT,"$15,285.98"
CLAS-NON; MONITOR/AIDE,"$15,273.93"
LT-PLCMT; SUB-CLAS,"$15,271.13"
LT-PLCMT,"$15,259.32"
CLAS-NON; MONITOR/AIDE,"$15,253.18"
INT-AIDE; INTERVENTION AIDE; SUB-CLAS,"$15,226.98"
FOOD SVC WORKER; FOOD-SVC,"$15,216.24"
CLINIC AIDE; INT-AIDE,"$15,185.28"
CLAS-NON; MONITOR/AIDE,"$15,170.65"
LT-PLCMT,"$15,168.75"
ADMIN,"$15,117.77"
FOOD SVC WORKER; FOOD-SVC,"$15,099.05"
LT-PLCMT,"$15,013.04"
LT-PLCMT; SUB-CLAS,"$14,994.44"
FOOD-SVC,"$14,962.43"
CLAS-NON,"$14,920.99"
CLAS-NON; MONITOR/AIDE,"$14,886.51"
CLAS-NON; DISPATCHER/CLERK,"$14,872.99"
LT-PLCMT; SUB-CLAS,"$14,860.46"
CLAS-NON; INT-AIDE; SUB-CLAS,"$14,806.78"
FOOD-SVC; SUB-CLAS,"$14,792.68"
DRIVER,"$14,747.62"
FOOD SVC WORKER; FOOD-SVC,"$14,671.83"
DRIVER; LT-PLCMT; SUB-CLAS; TRANS DRIVER,"$14,632.25"
ESC-CLAS; LT-PLCMT,"$14,622.27"
CMF,"$14,616.75"
FOOD-SVC,"$14,553.20"
SUP-ACAD,"$14,545.00"
LT-PLCMT,"$14,469.74"
FOOD SVC WORKER; FOOD-SVC,"$14,429.55"
SUP-ACAD,"$14,389.00"
FOOD SVC WORKER; FOOD-SVC,"$14,349.80"
LT-PLCMT,"$14,342.20"
LT-PLCMT; SUB-CLAS,"$14,335.06"
MONITOR/AIDE,"$14,317.92"
FOOD SVC WORKER; FOOD-SVC,"$14,313.10"
FOOD SVC WORKER-0; FOOD-SVC; SUB-CLAS,"$14,297.62"
LT-PLCMT; SUB-CLAS,"$14,296.82"
LT-PLCMT; SUB-CLAS,"$14,278.97"
CLAS-NON; LT-PLCMT; MONITOR/AIDE,"$14,262.94"
LT-PLCMT,"$14,237.10"
LT-PLCMT; SUB-CLAS,"$14,143.97"
TEACHER,"$14,106.22"
LT-PLCMT,"$14,102.78"
FOOD SVC WORKER; FOOD-SVC,"$14,057.32"
CLAS-NON; SECRETARY 183,"$14,052.60"
FOOD SVC WORKER; FOOD-SVC,"$14,039.01"
FOOD-SVC,"$14,020.82"
FOOD SVC WORKER; FOOD-SVC,"$13,991.07"
SUP-ATHL,"$13,974.00"
FOOD SVC WORKER; FOOD-SVC,"$13,950.69"
FOOD SVC WORKER; FOOD-SVC,"$13,929.55"
FOOD SVC WORKER; FOOD-SVC,"$13,908.90"
FOOD SVC WORKER; FOOD-SVC,"$13,850.14"
FOOD-SVC,"$13,842.12"
SUB-CLAS,"$13,792.75"
LT-PLCMT,"$13,623.03"
INT-AIDE,"$13,587.60"
FOOD SVC WORKER; FOOD-SVC,"$13,570.43"
FOOD SVC WORKER; FOOD-SVC,"$13,541.30"
CLAS-NON; CLERKS,"$13,496.88"
CLAS-NON,"$13,488.01"
FOOD SVC WORKER; FOOD-SVC,"$13,487.11"
CLAS-NON,"$13,455.28"
LT-PLCMT; SUB-CLAS,"$13,411.32"
CLAS-NON; SECRETARY 183,"$13,406.58"
DRIVER,"$13,403.94"
INT-AIDE; INTERVENTION AIDE,"$13,399.12"
INT-AIDE; INTERVENTION AIDE,"$13,375.14"
LT-PLCMT,"$13,307.43"
SUB-CLAS,"$13,256.31"
FOOD SVC WORKER; FOOD-SVC,"$13,189.61"
INT-AIDE; INTERVENTION AIDE,"$13,188.64"
LT-PLCMT,"$13,171.67"
FOOD SVC WORKER; FOOD-SVC,"$13,142.44"
DRIVER,"$13,128.91"
LT-PLCMT,"$13,119.60"
CLINIC AIDE,"$13,096.56"
DRIVER; TRANS DRIVER,"$12,942.27"
FOOD SVC WORKER; FOOD-SVC,"$12,941.30"
DRIVER; SUB-CLAS; TRANS DRIVER,"$12,935.75"
SUB-CLAS,"$12,874.85"
LT-PLCMT,"$12,841.50"
LT-PLCMT,"$12,818.42"
UNIV-PLA,"$12,775.04"
UNIV-PLA,"$12,775.04"
LT-PLCMT,"$12,772.17"
INT-AIDE; INTERVENTION AIDE; SUB-CLAS,"$12,744.70"
LT-PLCMT; SUB-CLAS,"$12,684.14"
SUP-ATHL,"$12,661.00"
LT-PLCMT,"$12,636.83"
LT-PLCMT,"$12,602.47"
SUP-ATHL,"$12,521.00"
SUP-ATHL,"$12,521.00"
LT-PLCMT,"$12,498.75"
LT-PLCMT,"$12,486.72"
SUP-ACAD,"$12,483.50"
FOOD SVC WORKER; FOOD-SVC,"$12,460.30"
FOOD SVC WORKER; FOOD-SVC,"$12,453.69"
FOOD-SVC,"$12,425.72"
LT-PLCMT,"$12,407.75"
FOOD SVC WORKER; FOOD-SVC,"$12,376.93"
CLAS-NON,"$12,376.28"
DRIVER,"$12,367.72"
INT-AIDE; INTERVENTION AIDE,"$12,339.78"
TEACHER; TEACHER PT/JS,"$12,293.66"
SUB-CLAS,"$12,268.94"
FOOD SVC WORKER; FOOD-SVC,"$12,251.72"
LT-PLCMT,"$12,249.14"
LT-PLCMT; MONITOR/AIDE,"$12,200.76"
FOOD SVC WORKER; FOOD-SVC,"$12,187.85"
SUP-ATHL,"$12,129.00"
LIBRARY AIDE,"$12,097.52"
INT-AIDE; INTERVENTION AIDE,"$12,060.80"
LT-PLCMT; SUB-CLAS,"$12,037.56"
FOOD SVC WORKER-0; FOOD-SVC; SUB-CLAS,"$11,992.79"
DRIVER; TRANS DRIVER,"$11,947.01"
LT-PLCMT,"$11,946.76"
LT-PLCMT; SUB-CLAS,"$11,899.54"
FOOD-SVC,"$11,853.37"
INT-AIDE; INTERVENTION AIDE,"$11,825.20"
LT-PLCMT; SUB-CLAS,"$11,804.58"
SUB-CLAS,"$11,788.31"
LT-PLCMT; SUB-CLAS,"$11,777.99"
DRIVER; SUB-CLAS; TRANS DRIVER,"$11,616.93"
LT-PLCMT,"$11,616.68"
LT-PLCMT,"$11,551.12"
SUB-CLAS,"$11,550.04"
TEACHER; TEACHER PT/JS,"$11,535.54"
LT-PLCMT; SUB-CLAS,"$11,527.80"
DRIVER; SUB-CLAS; TRANS DRIVER,"$11,481.26"
DRIVER; SUB-CLAS,"$11,461.79"
LT-PLCMT; SUB-CLAS,"$11,448.51"
CLAS-NON; SUB-CLAS,"$11,436.83"
LT-PLCMT,"$11,419.59"
FOOD-SVC,"$11,407.25"
LT-PLCMT,"$11,402.00"
LT-PLCMT,"$11,388.45"
MONITOR/AIDE-0,"$11,314.84"
LT-PLCMT; SUB-CLAS,"$11,267.76"
FOOD SVC WORKER; FOOD-SVC; SUB-CLAS,"$11,255.66"
CMF,"$11,241.32"
MONITOR/AIDE-0; SUB-CLAS,"$11,224.64"
DRIVER; SUB-CLAS; TRANS DRIVER,"$11,192.36"
LT-PLCMT,"$11,185.52"
SUB-CLAS,"$11,154.88"
CMF,"$11,069.44"
FOOD SVC WORKER; FOOD-SVC,"$11,036.25"
CLAS-NON; SUB-CLAS,"$11,025.60"
LT-PLCMT,"$10,991.51"
LT-PLCMT; SUB-CLAS,"$10,991.35"
LT-PLCMT; SUB-CLAS,"$10,958.18"
LT-PLCMT; SUB-CLAS,"$10,952.76"
LT-PLCMT,"$10,949.30"
ESC-CERT; LT-PLCMT,"$10,867.87"
LT-PLCMT,"$10,849.74"
LT-PLCMT; SUB-CLAS,"$10,802.88"
DRIVER; SUB-CLAS; TRANS DRIVER,"$10,788.70"
LT-PLCMT,"$10,770.24"
CMF; SUB-CLAS,"$10,759.78"
LT-PLCMT; SUB-CLAS,"$10,759.58"
INT-AIDE; INTERVENTION AIDE,"$10,737.44"
SUB-CLAS,"$10,721.87"
LT-PLCMT; SUB-CLAS,"$10,711.88"
SUP-ATHL,"$10,702.50"
LT-PLCMT; SUB-CLAS,"$10,692.78"
SUP-ACAD,"$10,651.00"
LT-PLCMT,"$10,630.00"
SUP-ATHL,"$10,595.00"
CMF,"$10,553.60"
SUP-ATHL,"$10,476.00"
SUB-CLAS,"$10,457.45"
LT-PLCMT; SUB-CLAS,"$10,388.63"
SUP-ACAD,"$10,352.00"
LT-PLCMT; SUB-CLAS,"$10,308.59"
INT-AIDE; INTERVENTION AIDE-0,"$10,276.24"
FOOD SVC WORKER; FOOD-SVC,"$10,261.72"
LT-PLCMT,"$10,260.00"
FOOD SVC WORKER; FOOD-SVC; SUB-CLAS,"$10,219.80"
LT-PLCMT,"$10,180.00"
LT-PLCMT,"$10,144.84"
SUP-ATHL,"$10,120.00"
SUP-ATHL,"$10,113.00"
CMF,"$10,099.41"
LT-PLCMT; SUB-CLAS,"$10,099.27"
LT-PLCMT; SUB-CLAS,"$10,081.65"
CMF; CUSTODIAN-0,"$10,053.60"
LT-PLCMT; SUB-CLAS,"$10,034.22"
INT-AIDE,"$10,026.16"
DRIVER; SUB-CLAS; TRANS DRIVER,"$10,004.16"
LT-PLCMT; SUB-CLAS,"$9,994.87"
SUB-CLAS,"$9,981.18"
LT-PLCMT,"$9,955.18"
LT-PLCMT,"$9,946.63"
SUP-ATHL,"$9,876.00"
LT-PLCMT; SUB-CLAS,"$9,858.72"
SUP-ATHL,"$9,839.50"
LT-PLCMT,"$9,817.56"
LT-PLCMT,"$9,730.00"
LT-PLCMT,"$9,725.36"
LT-PLCMT; SUB-CLAS,"$9,681.94"
LT-PLCMT; SUB-CLAS,"$9,638.42"
CLAS-NON,"$9,581.60"
LT-PLCMT,"$9,517.60"
LT-PLCMT,"$9,469.53"
SUP-ATHL,"$9,394.00"
SUB-CLAS,"$9,377.69"
LT-PLCMT,"$9,374.47"
SUP-ACAD,"$9,353.00"
LT-PLCMT,"$9,280.73"
FOOD SVC WORKER; FOOD-SVC,"$9,267.31"
LT-PLCMT; SUB-CLAS,"$9,254.10"
CLAS-NON,"$9,242.56"
LT-PLCMT,"$9,221.83"
SUB-CLAS,"$9,190.66"
ESC-CLAS; LT-PLCMT; SUB-CLAS,"$9,186.94"
SUB-CLAS,"$9,175.64"
SUP-ATHL,"$9,163.00"
SUP-ACAD,"$9,157.00"
TEACHER PT 185,"$9,144.64"
SUB-CLAS,"$9,130.26"
SUP-ACAD,"$9,115.00"
SUP-ATHL,"$9,050.50"
SUB-CLAS,"$8,987.76"
LT-PLCMT,"$8,955.00"
CLAS-NON; LT-PLCMT,"$8,949.48"
LT-PLCMT,"$8,946.87"
SUP-ATHL,"$8,919.00"
SUP-ATHL,"$8,913.00"
LT-PLCMT,"$8,830.48"
CMF,"$8,815.86"
LT-PLCMT,"$8,815.36"
SUB-CLAS,"$8,814.15"
LT-PLCMT,"$8,805.11"
LT-PLCMT,"$8,794.50"
LT-PLCMT; SUB-CLAS,"$8,779.78"
LT-PLCMT,"$8,768.90"
LT-PLCMT; SUB-CLAS,"$8,763.97"
LT-PLCMT,"$8,742.44"
LT-PLCMT; SUB-CLAS,"$8,683.23"
LT-PLCMT,"$8,671.83"
INTERVENTION AIDE,"$8,656.06"
SUB-CLAS,"$8,646.72"
LT-PLCMT,"$8,625.73"
ESC-CERT,"$8,624.29"
LT-PLCMT,"$8,600.09"
LT-PLCMT,"$8,579.60"
SUB-CLAS,"$8,533.95"
TEACHER; TEACHER-0,"$8,519.68"
LT-PLCMT,"$8,517.76"
LT-PLCMT; SUB-CLAS,"$8,512.63"
SUB-CLAS,"$8,502.10"
LT-PLCMT,"$8,461.72"
SUB-CLAS,"$8,450.76"
LT-PLCMT,"$8,442.59"
LT-PLCMT,"$8,441.23"
SUP-ATHL,"$8,423.00"
ESC-CERT,"$8,401.00"
FOOD-SVC,"$8,400.59"
LT-PLCMT,"$8,394.98"
SUP-ATHL,"$8,352.25"
LT-PLCMT,"$8,328.75"
LT-PLCMT,"$8,297.72"
SUP-ATHL,"$8,288.00"
SUP-ATHL,"$8,288.00"
SUP-ATHL,"$8,288.00"
SUP-ATHL,"$8,288.00"
SUP-ATHL,"$8,288.00"
LT-PLCMT,"$8,261.84"
SUB-CLAS,"$8,246.85"
LT-PLCMT,"$8,219.92"
CMF; CUSTODIAN-0,"$8,215.27"
LT-PLCMT; SUB-CLAS,"$8,141.07"
LT-PLCMT,"$8,128.58"
SUB-CLAS,"$8,121.48"
SUP-ATHL,"$8,086.00"
SUP-ATHL,"$8,086.00"
SUP-ATHL,"$8,086.00"
SUP-ATHL,"$8,086.00"
SUP-ATHL,"$8,086.00"
LT-PLCMT,"$8,045.36"
SUP-ATHL,"$8,044.00"
LT-PLCMT,"$8,034.16"
LT-PLCMT,"$8,026.02"
SUP-ATHL,"$7,985.82"
SUB-CLAS,"$7,974.47"
SUP-ATHL,"$7,973.00"
INT-AIDE,"$7,971.04"
DRIVER,"$7,956.14"
SUP-ATHL,"$7,949.00"
SUP-ATHL,"$7,870.89"
SUP-ATHL,"$7,870.00"
LT-PLCMT; SUB-CLAS,"$7,868.73"
SUP-ATHL,"$7,851.79"
SUP-ATHL,"$7,848.00"
SUB-CLAS,"$7,805.98"
SUP-ATHL,"$7,801.00"
ADMIN,"$7,777.78"
LT-PLCMT; SUB-CLAS,"$7,755.45"
LT-PLCMT,"$7,750.00"
LT-PLCMT,"$7,749.00"
SUP-ATHL,"$7,719.25"
LT-PLCMT,"$7,707.32"
CLAS-NON; LT-PLCMT,"$7,695.80"
SUP-ACAD,"$7,675.00"
SUP-ATHL,"$7,632.00"
INT-AIDE,"$7,622.60"
SUB-CLAS,"$7,617.98"
INTERVENTION AIDE,"$7,616.75"
SUP-ATHL,"$7,610.00"
SUP-ATHL,"$7,601.75"
LT-PLCMT; SUB-CLAS,"$7,590.44"
SUP-ATHL,"$7,578.00"
MONITOR/AIDE,"$7,559.92"
MONITOR/AIDE,"$7,559.92"
SUP-ATHL,"$7,557.00"
SUB-CLAS,"$7,539.40"
LT-PLCMT,"$7,502.60"
SUP-ATHL,"$7,497.50"
LT-PLCMT; SUB-CLAS,"$7,473.01"
DRIVER,"$7,466.27"
SUB-CLAS,"$7,439.25"
CLAS-NON,"$7,428.72"
LT-PLCMT,"$7,375.00"
SUP-ATHL,"$7,373.00"
DRIVER; SUB-CLAS,"$7,371.54"
LT-PLCMT,"$7,325.00"
SUP-ATHL,"$7,316.03"
SUP-ACAD,"$7,313.00"
SUP-ACAD,"$7,313.00"
SUP-ATHL,"$7,313.00"
MONITOR/AIDE,"$7,270.40"
FOOD SVC WORKER-0; FOOD-SVC; SUB-CLAS,"$7,262.61"
SUB-CLAS,"$7,246.80"
MONITOR/AIDE,"$7,219.86"
SUB-CLAS,"$7,204.81"
SUB-CLAS,"$7,197.82"
LT-PLCMT; SUB-CLAS,"$7,195.35"
DRIVER,"$7,185.15"
LT-PLCMT,"$7,159.92"
SUP-ATHL,"$7,135.00"
SUP-ATHL,"$7,135.00"
LT-PLCMT,"$7,134.00"
FOOD-SVC,"$7,124.48"
CLAS-NON; LT-PLCMT,"$7,103.22"
LT-PLCMT,"$7,086.74"
SUB-CLAS,"$7,083.75"
LT-PLCMT,"$7,073.88"
SUP-ATHL,"$7,069.00"
SUP-ACAD,"$7,067.00"
SUP-ATHL,"$7,010.00"
SUB-CLAS,"$6,926.93"
LT-PLCMT; SUB-CLAS,"$6,913.79"
CLAS-NON,"$6,905.92"
SUP-ATHL,"$6,770.00"
LT-PLCMT; SUB-CLAS,"$6,729.87"
FOOD SVC WORKER; FOOD-SVC; SUB-CLAS,"$6,729.25"
SUP-ATHL,"$6,716.00"
LT-PLCMT,"$6,714.30"
SUB-CLAS,"$6,667.76"
SUP-ATHL,"$6,659.00"
SUP-ATHL,"$6,659.00"
SUP-ATHL,"$6,659.00"
ESC-CLAS,"$6,637.41"
LT-PLCMT,"$6,612.50"
FOOD SVC WORKER-0; FOOD-SVC; SUB-CLAS,"$6,588.97"
SUP-ATHL,"$6,582.00"
SUP-ATHL,"$6,582.00"
SUB-CLAS,"$6,571.74"
CMF; CUSTODIAN-0,"$6,552.60"
SUB-CERT,"$6,533.42"
LT-PLCMT,"$6,529.52"
LT-PLCMT,"$6,483.40"
SUB-CLAS,"$6,473.70"
SUP-ACAD,"$6,460.50"
SUB-CLAS,"$6,450.76"
SUB-CLAS,"$6,442.22"
SUB-CLAS,"$6,438.61"
LT-PLCMT; SUB-CLAS,"$6,402.90"
LT-PLCMT; SUB-CLAS,"$6,383.77"
LT-PLCMT,"$6,368.64"
INT-AIDE,"$6,361.20"
CLINIC AIDE,"$6,347.84"
SUP-ATHL,"$6,338.00"
SUP-ATHL,"$6,338.00"
SUP-ATHL,"$6,338.00"
SUP-ATHL,"$6,338.00"
SUP-ATHL,"$6,338.00"
SUP-ATHL,"$6,338.00"
SUP-ATHL,"$6,338.00"
SUP-ATHL,"$6,338.00"
SUP-ATHL,"$6,338.00"
SUP-ATHL,"$6,338.00"
LT-PLCMT,"$6,337.60"
SUB-CLAS,"$6,335.93"
SUP-ATHL,"$6,308.00"
SUB-CLAS,"$6,267.91"
LT-PLCMT,"$6,257.63"
SUB-CLAS,"$6,250.42"
CMF; CUSTODIAN,"$6,212.58"
SUP-ATHL,"$6,210.00"
SUB-CLAS,"$6,209.48"
CMF; CUSTODIAN,"$6,189.51"
SUP-ATHL,"$6,183.00"
SUP-ATHL,"$6,183.00"
SUP-ATHL,"$6,183.00"
SUP-ATHL,"$6,183.00"
SUP-ATHL,"$6,183.00"
SUP-ATHL,"$6,183.00"
SUP-ATHL,"$6,183.00"
SUP-ATHL,"$6,183.00"
SUP-ATHL,"$6,183.00"
SUB-CLAS,"$6,176.32"
FOOD-SVC,"$6,172.72"
SUB-CLAS,"$6,163.44"
LT-PLCMT,"$6,129.76"
SUB-CLAS,"$6,120.84"
SUB-CLAS,"$6,117.58"
FOOD-SVC,"$6,109.38"
LT-PLCMT,"$6,107.49"
ESC-CLAS; LT-PLCMT,"$6,102.99"
SUP-ATHL,"$6,094.00"
SUP-ATHL,"$6,094.00"
SUP-ATHL,"$6,094.00"
INT-AIDE,"$6,076.16"
SUP-ATHL,"$6,064.50"
ESC-CLAS,"$6,063.75"
SUB-CLAS,"$6,051.81"
SUB-CLAS,"$6,050.57"
ESC-CERT,"$6,023.00"
SUP-ATHL,"$6,023.00"
SUP-ATHL,"$6,023.00"
SUP-ACAD,"$6,023.00"
SUB-CLAS,"$6,012.29"
LT-PLCMT,"$5,966.32"
SUP-ATHL,"$5,946.00"
SUP-ATHL,"$5,946.00"
SUP-ATHL,"$5,946.00"
SUP-ATHL,"$5,946.00"
SUP-ATHL,"$5,946.00"
SUP-ATHL,"$5,946.00"
SUB-CLAS,"$5,918.34"
SUP-ATHL,"$5,888.00"
SUP-ATHL,"$5,869.00"
SUB-CLAS,"$5,863.37"
LT-PLCMT,"$5,863.00"
SUP-ATHL,"$5,850.00"
LT-PLCMT; SUB-CLAS,"$5,798.21"
CLAS-NON,"$5,797.78"
ESC-CLAS; SUB-CLAS,"$5,795.30"
SUP-ATHL,"$5,791.50"
SUB-CLAS,"$5,779.18"
SUB-CLAS,"$5,777.41"
SUB-CLAS,"$5,768.99"
SUB-CLAS,"$5,755.90"
SUP-ACAD,"$5,753.00"
LT-PLCMT,"$5,748.04"
LT-PLCMT,"$5,740.36"
INTERVENTION AIDE-0,"$5,740.00"
SUP-ATHL,"$5,708.00"
SUP-ATHL,"$5,708.00"
SUP-ATHL,"$5,708.00"
SUP-ATHL,"$5,708.00"
SUP-ATHL,"$5,708.00"
LT-PLCMT,"$5,696.93"
SUP-ACAD,"$5,660.00"
CMF; CUSTODIAN,"$5,652.11"
LT-PLCMT,"$5,610.00"
SUP-ATHL,"$5,607.00"
INT-AIDE,"$5,605.12"
SUB-CLAS,"$5,594.41"
SUB-CLAS,"$5,578.78"
SUB-CLAS,"$5,560.55"
SUB-CLAS,"$5,546.00"
ESC-CERT,"$5,541.00"
LT-PLCMT,"$5,520.00"
FOOD-SVC; LT-PLCMT; SUB-CLAS,"$5,515.69"
ESC-CLAS,"$5,515.44"
SUB-CLAS,"$5,512.50"
SUB-CLAS,"$5,502.56"
TEACHER,"$5,483.90"
SUP-ATHL,"$5,470.50"
SUP-ATHL,"$5,470.00"
SUP-ATHL,"$5,470.00"
SUP-ATHL,"$5,470.00"
SUP-ATHL,"$5,470.00"
SUP-ATHL,"$5,470.00"
SUP-ATHL,"$5,470.00"
SUP-ATHL,"$5,470.00"
SUP-ATHL,"$5,469.00"
SUP-ACAD,"$5,419.50"
FOOD SVC WORKER-0; FOOD-SVC; SUB-CLAS,"$5,396.68"
SUB-CLAS,"$5,389.35"
FOOD SVC WORKER-0; FOOD-SVC; SUB-CLAS,"$5,384.92"
FOOD SVC WORKER-0; FOOD-SVC; SUB-CLAS,"$5,379.85"
SUB-CLAS,"$5,375.94"
SUB-CLAS,"$5,366.03"
SUP-ATHL,"$5,363.00"
SUP-ATHL,"$5,363.00"
SUP-ATHL,"$5,363.00"
SUP-ATHL,"$5,363.00"
SUB-CLAS,"$5,358.08"
SUB-CLAS,"$5,307.00"
SUP-ATHL,"$5,307.00"
SUB-CLAS,"$5,295.15"
SUB-CLAS,"$5,249.10"
SUP-ATHL,"$5,232.00"
SUP-ATHL,"$5,232.00"
SUP-ATHL,"$5,232.00"
SUP-ATHL,"$5,232.00"
SUP-ATHL,"$5,232.00"
SUP-ATHL,"$5,232.00"
SUP-ATHL,"$5,232.00"
SUP-ATHL,"$5,232.00"
SUP-ATHL,"$5,232.00"
SUP-ATHL,"$5,232.00"
SUP-ATHL,"$5,232.00"
SUP-ATHL,"$5,232.00"
SUB-CLAS,"$5,220.69"
LT-PLCMT,"$5,219.20"
SUB-CLAS,"$5,186.40"
LT-PLCMT,"$5,161.09"
FOOD SVC WORKER-0; FOOD-SVC; SUB-CLAS,"$5,145.19"
LT-PLCMT,"$5,144.64"
SUB-CLAS,"$5,142.91"
LT-PLCMT,"$5,119.12"
SUP-ATHL,"$5,119.00"
SUP-ATHL,"$5,119.00"
SUP-ATHL,"$5,119.00"
SUP-ATHL,"$5,119.00"
DRIVER,"$5,117.42"
SUP-ATHL,"$5,113.50"
LT-PLCMT,"$5,093.38"
LT-PLCMT,"$5,079.09"
SUP-ATHL,"$5,059.00"
FOOD SVC WORKER-0; FOOD-SVC; SUB-CLAS,"$5,050.57"
SUB-CLAS,"$5,045.68"
SUB-CLAS,"$5,036.77"
CMF; CUSTODIAN; SUB-CLAS,"$5,014.65"
SUP-ACAD,"$5,000.00"
SUP-ATHL,"$4,995.00"
SUP-ATHL,"$4,994.00"
SUP-ATHL,"$4,994.00"
SUP-ATHL,"$4,994.00"
SUP-ATHL,"$4,994.00"
SUP-ATHL,"$4,994.00"
SUP-ATHL,"$4,994.00"
SUP-ATHL,"$4,994.00"
SUP-ATHL,"$4,994.00"
SUP-ATHL,"$4,994.00"
ESC-CERT,"$4,989.08"
DRIVER,"$4,985.06"
LT-PLCMT,"$4,959.67"
LT-PLCMT,"$4,950.00"
LT-PLCMT,"$4,938.59"
SUP-ATHL,"$4,937.50"
LT-PLCMT,"$4,935.00"
FOOD SVC WORKER-0; FOOD-SVC; SUB-CLAS,"$4,925.11"
SUB-CLAS,"$4,913.55"
SUB-CLAS,"$4,884.00"
SUB-CLAS,"$4,883.32"
SUP-ATHL,"$4,875.00"
SUB-CLAS,"$4,800.39"
SUP-ATHL,"$4,798.50"
SUP-ACAD,"$4,798.00"
SUB-CLAS,"$4,787.26"
SUP-ATHL,"$4,757.00"
SUP-ATHL,"$4,757.00"
SUP-ATHL,"$4,757.00"
SUP-ATHL,"$4,757.00"
SUP-ATHL,"$4,757.00"
SUP-ATHL,"$4,757.00"
SUP-ATHL,"$4,757.00"
SUB-CLAS,"$4,755.24"
SUB-CLAS,"$4,753.12"
SUP-ATHL,"$4,744.00"
SUB-CLAS,"$4,708.57"
FOOD SVC WORKER-0; FOOD-SVC; SUB-CLAS,"$4,706.86"
SUB-CLAS,"$4,703.53"
CLINIC AIDE,"$4,683.57"
LT-PLCMT,"$4,667.59"
ESC-CERT,"$4,632.00"
SUP-ATHL,"$4,632.00"
LT-PLCMT,"$4,622.72"
SUB-CLAS,"$4,574.19"
SUP-ATHL,"$4,543.17"
SUP-ATHL,"$4,519.00"
SUP-ATHL,"$4,519.00"
SUP-ATHL,"$4,519.00"
SUP-ATHL,"$4,519.00"
LT-PLCMT; SUB-CLAS,"$4,507.50"
SUB-CLAS,"$4,499.47"
LT-PLCMT; SUB-CLAS,"$4,495.86"
SUB-CLAS,"$4,492.37"
LT-PLCMT,"$4,485.00"
LT-PLCMT,"$4,483.98"
SUB-CLAS,"$4,467.75"
SUB-CLAS,"$4,464.06"
SUB-CLAS,"$4,444.67"
SUP-ATHL,"$4,438.50"
SUB-CLAS,"$4,435.61"
SUB-CLAS,"$4,425.96"
SUP-ATHL,"$4,408.01"
SUP-ATHL,"$4,388.00"
SUP-ATHL,"$4,388.00"
SUP-ATHL,"$4,388.00"
SUP-ATHL,"$4,388.00"
LT-PLCMT; SUB-CLAS,"$4,380.42"
LT-PLCMT; SUB-CLAS,"$4,357.82"
LT-PLCMT,"$4,353.75"
SUB-CLAS,"$4,343.26"
SUP-ATHL,"$4,340.25"
LT-PLCMT,"$4,333.80"
FOOD SVC WORKER-0; FOOD-SVC; SUB-CLAS,"$4,312.40"
ESC-CLAS,"$4,310.58"
SUB-CLAS,"$4,290.30"
SUB-CLAS,"$4,282.50"
FOOD SVC WORKER-0; FOOD-SVC; SUB-CLAS,"$4,281.97"
SUP-ATHL,"$4,281.00"
SUP-ATHL,"$4,281.00"
SUP-ATHL,"$4,281.00"
SUP-ATHL,"$4,281.00"
SUP-ATHL,"$4,281.00"
FOOD SVC WORKER-0; FOOD-SVC; SUB-CLAS,"$4,270.61"
LT-PLCMT,"$4,243.68"
LT-PLCMT; SUB-CLAS,"$4,242.74"
SUB-CLAS,"$4,242.29"
FOOD SVC WORKER-0; FOOD-SVC; SUB-CLAS,"$4,234.72"
SUB-CLAS,"$4,230.96"
SUB-CLAS,"$4,214.58"
SUP-ATHL,"$4,144.00"
SUP-ATHL,"$4,144.00"
SUP-ATHL,"$4,144.00"
SUP-ATHL,"$4,144.00"
SUP-ATHL,"$4,144.00"
SUP-ATHL,"$4,144.00"
SUP-ATHL,"$4,144.00"
SUP-ATHL,"$4,144.00"
SUP-ATHL,"$4,144.00"
SUP-ATHL,"$4,144.00"
INT-AIDE,"$4,141.96"
SUB-CLAS,"$4,131.15"
LT-PLCMT,"$4,123.36"
SUP-ATHL,"$4,102.50"
SUB-CLAS,"$4,102.20"
LT-PLCMT,"$4,100.00"
SUB-CLAS,"$4,080.85"
SUB-CLAS,"$4,074.36"
SUP-ATHL,"$4,073.00"
SUP-ATHL,"$4,043.00"
SUP-ATHL,"$4,043.00"
SUP-ATHL,"$4,043.00"
SUP-ATHL,"$4,043.00"
SUP-ATHL,"$4,043.00"
SUP-ATHL,"$4,043.00"
SUP-ATHL,"$4,043.00"
SUP-ATHL,"$4,043.00"
SUP-ATHL,"$4,043.00"
SUP-ATHL,"$4,043.00"
SUP-ATHL,"$4,043.00"
SUP-ATHL,"$4,043.00"
SUP-ATHL,"$4,043.00"
SUP-ATHL,"$4,043.00"
SUP-ATHL,"$4,043.00"
LT-PLCMT; SUB-CLAS,"$4,026.24"
SUP-ATHL,"$4,006.50"
SUB-CLAS,"$4,003.75"
LT-PLCMT; SUB-CLAS,"$3,997.50"
SUB-CLAS,"$3,958.22"
LT-PLCMT,"$3,951.68"
LT-PLCMT,"$3,930.38"
SUB-CLAS,"$3,929.20"
SUP-ATHL,"$3,924.00"
SUP-ATHL,"$3,917.91"
SUP-ATHL,"$3,900.00"
SUP-ATHL,"$3,900.00"
SUP-ATHL,"$3,900.00"
SUP-ATHL,"$3,900.00"
SUP-ATHL,"$3,900.00"
SUP-ATHL,"$3,900.00"
SUP-ATHL,"$3,900.00"
SUB-CLAS,"$3,896.82"
SUB-CLAS,"$3,888.11"
MONITOR/AIDE-0,"$3,879.19"
SUB-CLAS,"$3,833.33"
SUB-CLAS,"$3,809.86"
SUP-ATHL,"$3,805.00"
SUP-ATHL,"$3,805.00"
SUP-ATHL,"$3,805.00"
SUP-ATHL,"$3,805.00"
SUP-ATHL,"$3,805.00"
SUP-ATHL,"$3,805.00"
SUP-ATHL,"$3,805.00"
SUP-ATHL,"$3,805.00"
SUP-ATHL,"$3,805.00"
SUP-ATHL,"$3,805.00"
SUP-ATHL,"$3,805.00"
SUP-ATHL,"$3,805.00"
SUP-ATHL,"$3,805.00"
SUP-ATHL,"$3,805.00"
LT-PLCMT,"$3,772.16"
LT-PLCMT,"$3,772.16"
SUP-ATHL,"$3,745.50"
SUP-ATHL,"$3,745.50"
LT-PLCMT; SUB-CLAS,"$3,735.44"
SUP-ACAD,"$3,718.50"
SUB-CLAS,"$3,711.40"
SUB-CLAS,"$3,707.95"
LT-PLCMT,"$3,697.50"
LT-PLCMT,"$3,685.00"
SUB-CLAS,"$3,664.67"
LT-PLCMT,"$3,660.65"
SUP-ATHL,"$3,657.00"
SUB-CLAS,"$3,656.25"
SUB-CLAS,"$3,641.23"
SUB-CLAS,"$3,635.06"
DRIVER; TRANS DRIVER,"$3,632.45"
LT-PLCMT,"$3,600.00"
SUP-ATHL,"$3,567.00"
SUP-ATHL,"$3,567.00"
LT-PLCMT; SUB-CLAS,"$3,546.46"
SUB-CLAS,"$3,495.30"
SUB-CLAS,"$3,492.07"
SUB-CLAS,"$3,436.71"
CMF; INT-AIDE; INTERVENTION AIDE,"$3,413.38"
SUB-CLAS,"$3,412.82"
SUB-CLAS,"$3,412.69"
SUB-CLAS,"$3,402.75"
SUP-ATHL,"$3,389.25"
LT-PLCMT; SUB-CLAS,"$3,336.40"
SUP-ATHL,"$3,330.00"
SUP-ATHL,"$3,330.00"
SUP-ATHL,"$3,330.00"
SUP-ATHL,"$3,330.00"
SUB-CLAS,"$3,278.30"
SUB-CLAS,"$3,227.73"
SUB-CLAS,"$3,222.05"
SUP-ACAD,"$3,210.00"
SUB-CLAS,"$3,196.12"
SUB-CLAS,"$3,180.59"
SUB-CLAS,"$3,176.15"
SUP-ATHL,"$3,169.00"
SUP-ATHL,"$3,169.00"
ESC-CERT,"$3,169.00"
FOOD SVC WORKER-0; FOOD-SVC; SUB-CLAS,"$3,168.83"
LT-PLCMT,"$3,165.06"
LT-PLCMT; SUB-CLAS,"$3,154.82"
SUB-CLAS,"$3,153.39"
SUP-ATHL,"$3,135.00"
SUB-CLAS,"$3,132.76"
SUB-CLAS,"$3,129.84"
SUP-ATHL,"$3,125.25"
SUB-CLAS,"$3,112.10"
SUP-ATHL,"$3,108.00"
SUP-ATHL,"$3,092.00"
SUP-ATHL,"$3,092.00"
SUP-ATHL,"$3,092.00"
SUP-ATHL,"$3,092.00"
SUP-ATHL,"$3,092.00"
SUP-ATHL,"$3,092.00"
SUP-ATHL,"$3,092.00"
ESC-CERT,"$3,092.00"
ESC-CERT,"$3,092.00"
SUP-ATHL,"$3,092.00"
SUP-ATHL,"$3,092.00"
SUP-ATHL,"$3,092.00"
SUP-ATHL,"$3,092.00"
SUP-ATHL,"$3,092.00"
SUP-ATHL,"$3,092.00"
SUP-ACAD,"$3,091.50"
SUP-ATHL,"$3,091.50"
SUP-ATHL,"$3,062.50"
SUP-ATHL,"$3,032.25"
SUB-CLAS,"$3,025.80"
SUB-CLAS,"$2,990.65"
SUB-CLAS,"$2,979.68"
CMF,"$2,969.10"
SUB-CLAS,"$2,957.28"
SUB-CLAS,"$2,948.92"
SUB-CLAS,"$2,948.45"
SUB-CLAS,"$2,947.50"
SUB-CLAS,"$2,938.37"
SUP-ACAD,"$2,925.00"
SUP-ATHL,"$2,925.00"
SUP-ATHL,"$2,925.00"
SUP-ATHL,"$2,925.00"
SUP-ATHL,"$2,925.00"
SUP-ATHL,"$2,925.00"
SUP-ATHL,"$2,925.00"
SUP-ATHL,"$2,925.00"
SUP-ATHL,"$2,925.00"
ESC-CERT,"$2,925.00"
SUP-ATHL,"$2,925.00"
SUP-ATHL,"$2,909.50"
SUB-CLAS; SUP-ATHL,"$2,880.62"
LT-PLCMT,"$2,880.00"
SUP-ATHL,"$2,854.00"
SUP-ATHL,"$2,854.00"
SUP-ATHL,"$2,854.00"
SUP-ATHL,"$2,854.00"
SUP-ATHL,"$2,854.00"
SUP-ATHL,"$2,854.00"
SUP-ATHL,"$2,854.00"
SUP-ATHL,"$2,854.00"
SUP-ATHL,"$2,854.00"
SUP-ATHL,"$2,854.00"
SUP-ATHL,"$2,854.00"
SUP-ATHL,"$2,854.00"
ESC-CERT,"$2,854.00"
SUP-ATHL,"$2,854.00"
SUP-ATHL,"$2,854.00"
SUP-ATHL,"$2,854.00"
SUP-ATHL,"$2,854.00"
SUB-CLAS,"$2,853.71"
SUB-CLAS,"$2,847.54"
SUB-CLAS,"$2,799.64"
SUB-CLAS,"$2,777.03"
SUP-ACAD,"$2,770.50"
SUB-CLAS,"$2,754.87"
SUB-CLAS,"$2,740.64"
SUB-CLAS,"$2,736.81"
LT-PLCMT,"$2,729.13"
SUB-CLAS,"$2,697.87"
SUP-ATHL,"$2,695.33"
SUB-CLAS,"$2,694.89"
SUB-CLAS,"$2,693.68"
SUP-ATHL,"$2,681.50"
SUP-ATHL,"$2,681.50"
SUP-ATHL,"$2,681.00"
MONITOR/AIDE-0,"$2,646.88"
SUB-CLAS,"$2,635.91"
BOARD MEMBER,"$2,625.00"
BOARD MEMBER,"$2,625.00"
SUP-ATHL,"$2,616.00"
SUP-ATHL,"$2,616.00"
SUP-ACAD,"$2,616.00"
SUP-ATHL,"$2,616.00"
SUB-CLAS,"$2,589.28"
SUB-CLAS,"$2,585.38"
SUB-CLAS,"$2,570.06"
SUB-CLAS,"$2,537.84"
SUB-CLAS,"$2,517.99"
LT-PLCMT,"$2,516.40"
SUP-ATHL,"$2,500.00"
BOARD MEMBER,"$2,500.00"
SUP-ATHL,"$2,497.00"
SUP-ATHL,"$2,497.00"
SUP-ATHL,"$2,497.00"
SUB-CLAS,"$2,438.11"
SUP-ATHL,"$2,438.00"
SUP-ATHL,"$2,438.00"
SUP-ATHL,"$2,438.00"
SUP-ATHL,"$2,438.00"
SUP-ATHL,"$2,437.50"
SUP-ATHL,"$2,437.50"
SUP-ATHL,"$2,437.50"
SUP-ATHL,"$2,437.50"
SUP-ATHL,"$2,422.50"
SUB-CLAS,"$2,415.19"
SUB-CLAS,"$2,388.28"
SUB-CLAS,"$2,382.56"
SUP-ATHL,"$2,378.50"
SUP-ATHL,"$2,378.50"
SUP-ACAD,"$2,378.50"
SUP-ATHL,"$2,378.00"
SUP-ATHL,"$2,378.00"
SUP-ATHL,"$2,378.00"
ESC-CERT,"$2,378.00"
SUP-ATHL,"$2,378.00"
SUP-ATHL,"$2,378.00"
ESC-CERT,"$2,378.00"
SUP-ATHL,"$2,378.00"
SUP-ATHL,"$2,378.00"
SUP-ATHL,"$2,378.00"
SUB-CLAS,"$2,377.95"
BOARD MEMBER,"$2,375.00"
BOARD MEMBER,"$2,375.00"
SUB-CLAS,"$2,368.56"
SUB-CLAS,"$2,363.94"
SUB-CLAS,"$2,363.02"
LT-PLCMT,"$2,355.00"
CMF,"$2,336.42"
ESC-CLAS,"$2,330.30"
SUB-CLAS,"$2,321.16"
TEACHER,"$2,318.42"
SUB-CLAS,"$2,311.49"
SUB-CLAS,"$2,304.10"
SUB-CLAS,"$2,294.40"
SUB-CLAS,"$2,280.19"
SUP-ATHL,"$2,259.50"
SUP-ATHL,"$2,259.00"
SUB-CLAS,"$2,258.44"
SUB-CLAS,"$2,250.12"
CLAS-NON,"$2,237.76"
SUB-CLAS,"$2,236.78"
SUP-ATHL,"$2,194.00"
FOOD SVC WORKER-0; FOOD-SVC; SUB-CLAS,"$2,192.53"
LT-PLCMT,"$2,182.80"
SUB-CLAS,"$2,161.72"
SUP-ACAD,"$2,158.50"
SUP-ACAD,"$2,150.00"
SUP-ATHL,"$2,140.50"
SUB-CLAS,"$2,105.80"
SUB-CLAS,"$2,082.06"
SUB-CLAS,"$2,073.60"
SUP-ATHL,"$2,072.00"
SUB-CLAS,"$2,064.85"
SUB-CLAS,"$2,021.59"
SUP-ATHL,"$2,021.50"
LT-PLCMT,"$2,003.96"
SUB-CLAS,"$2,003.92"
SUB-CLAS,"$1,970.98"
SUB-CLAS,"$1,954.85"
SUP-ATHL,"$1,950.00"
SUP-ATHL,"$1,902.50"
SUP-ATHL,"$1,902.50"
SUP-ATHL,"$1,902.50"
SUP-ATHL,"$1,902.50"
SUP-ATHL,"$1,902.50"
SUP-ATHL,"$1,902.50"
SUP-ATHL,"$1,902.50"
MONITOR/AIDE-0,"$1,883.40"
LT-PLCMT,"$1,882.62"
SUP-ATHL,"$1,850.00"
STRS SCHOOL SOCIAL WORKER,"$1,846.15"
LT-PLCMT; SUB-CERT,"$1,843.96"
SUP-ATHL,"$1,828.50"
CUSTODIAN,"$1,815.02"
SUB-CLAS,"$1,807.79"
SUB-CLAS,"$1,802.57"
SUB-CLAS,"$1,800.78"
CLAS-NON,"$1,794.10"
SUP-ATHL,"$1,788.33"
SUP-ATHL,"$1,783.50"
SUB-CLAS,"$1,760.90"
SUB-CLAS,"$1,756.64"
SUB-CLAS,"$1,749.36"
LT-PLCMT,"$1,746.24"
SUB-CLAS,"$1,730.73"
SUB-CLAS,"$1,726.10"
SUB-CLAS,"$1,717.43"
SUB-CLAS,"$1,712.25"
SUB-CLAS,"$1,691.29"
SUP-ATHL,"$1,661.33"
LT-PLCMT,"$1,640.32"
SUB-CLAS,"$1,597.50"
DRIVER,"$1,587.36"
SUB-CLAS,"$1,552.15"
SUP-ACAD,"$1,546.00"
SUP-ATHL,"$1,546.00"
SUP-ATHL,"$1,546.00"
LT-PLCMT,"$1,536.52"
SUB-CLAS,"$1,535.47"
LT-PLCMT,"$1,532.44"
LT-PLCMT,"$1,532.44"
SUB-CLAS,"$1,520.14"
SUB-CLAS,"$1,509.80"
SUB-CLAS,"$1,505.57"
SUP-ATHL,"$1,486.50"
SUB-CLAS,"$1,483.78"
SUB-CLAS,"$1,483.39"
SUB-CLAS,"$1,478.00"
SUB-CLAS,"$1,472.69"
SUB-CLAS,"$1,472.68"
SUB-CLAS,"$1,463.75"
SUB-CLAS,"$1,440.64"
SUP-ATHL,"$1,427.00"
SUP-ATHL,"$1,401.75"
LT-PLCMT,"$1,395.00"
SUB-CLAS,"$1,388.88"
SUB-CLAS,"$1,358.16"
SUB-CLAS,"$1,353.37"
ESC-CERT,"$1,340.84"
SUB-CLAS,"$1,319.87"
SUP-ATHL,"$1,308.00"
SUP-ATHL,"$1,300.00"
SUP-ATHL,"$1,268.33"
LT-PLCMT; SUB-CLAS,"$1,261.37"
ESC-CLAS,"$1,231.37"
SUB-CLAS,"$1,223.28"
SUP-ATHL,"$1,219.00"
SUP-ATHL,"$1,219.00"
SUP-ACAD,"$1,219.00"
SUP-ATHL,"$1,219.00"
SUP-ATHL,"$1,219.00"
SUB-CLAS,"$1,204.92"
SUP-ACAD,"$1,189.00"
SUP-ACAD,"$1,189.00"
SUP-ATHL,"$1,189.00"
SUP-ACAD,"$1,180.50"
SUP-ATHL,"$1,158.00"
LT-PLCMT,"$1,155.68"
SUB-CLAS,"$1,152.60"
SUP-ATHL,"$1,129.75"
CMF,"$1,128.96"
CMF,"$1,122.58"
SUB-CLAS,"$1,121.74"
LT-PLCMT,"$1,121.25"
SUB-CLAS,"$1,107.23"
SUB-CLAS,"$1,091.87"
SUB-CLAS,"$1,086.87"
SUB-CLAS,"$1,086.64"
SUB-CLAS,"$1,082.42"
SUB-CLAS,"$1,070.86"
SUB-CLAS,"$1,063.08"
ESC-CERT; ESC-CLAS,"$1,061.22"
SUP-ATHL,"$1,050.00"
ESC-CERT; ESC-CLAS,"$1,037.12"
SUB-CLAS,"$1,028.18"
SUP-ATHL,"$1,010.75"
SUP-ATHL,"$1,000.00"
SUB-CLAS,$978.89
SUP-ATHL,$975.00
SUP-ATHL,$975.00
SUB-CLAS,$970.54
SUP-ACAD,$951.50
SUP-ATHL,$951.25
SUB-CLAS,$925.82
SUB-CLAS,$917.62
LT-PLCMT,$894.72
SUB-CLAS,$888.60
SUB-CLAS,$871.08
SUB-CLAS,$866.62
SUB-CLAS,$865.18
99; SUB-CLAS,$855.89
SUB-CLAS,$854.38
SUB-CLAS,$760.49
ESC-CERT,$755.87
SUB-CLAS,$750.65
SUB-CLAS,$737.57
SUB-CLAS,$714.29
SUP-ACAD,$713.50
SUB-CLAS,$709.56
SUB-CLAS,$685.07
SUB-CLAS,$675.00
SUB-CLAS,$668.95
SUB-CLAS,$666.21
SUB-CLAS,$663.09
SUB-CLAS,$658.92
SUB-CLAS,$636.92
SUP-ACAD,$618.50
SUB-CLAS,$615.12
ESC-CERT,$602.50
SUB-CLAS,$600.56
SUB-CLAS,$593.13
SUB-CLAS,$582.90
LT-PLCMT,$558.75
SUP-ATHL,$539.00
SUB-CLAS,$513.04
LT-PLCMT,$509.32
SUB-CLAS,$509.09
SUB-CLAS,$502.48
SUB-CLAS,$490.00
LT-PLCMT; SUB-CLAS,$486.85
ESC-CLAS,$476.00
SUB-CLAS,$462.84
SUB-CLAS,$450.84
ESC-CLAS,$446.38
SUB-CLAS,$443.10
SUB-CLAS,$438.36
SUB-CLAS,$433.38
SUB-CLAS,$433.38
SUB-CLAS,$425.00
SUB-CLAS,$420.00
SUB-CLAS,$409.40
SUB-CLAS,$395.00
SUB-CLAS,$377.10
SUB-CLAS,$377.10
SUB-CLAS,$372.80
SUB-CLAS,$366.74
SUB-CLAS,$364.14
ESC-CLAS; SUB-CLAS,$363.18
SUB-CLAS,$358.76
SUB-CLAS,$355.52
SUB-CLAS,$355.04
SUB-CLAS,$328.98
SUB-CLAS,$327.18
SUB-CLAS,$325.92
SUB-CLAS,$315.00
SUB-CLAS,$310.00
SUB-CLAS,$304.69
SUB-CLAS,$304.18
ESC-CLAS; SUB-CLAS,$300.57
SUB-CLAS,$300.56
SUB-CLAS,$300.28
LT-PLCMT,$300.00
SUB-CLAS,$293.08
SUB-CLAS,$277.30
SUB-CLAS,$277.30
SUB-CLAS,$267.80
SUB-CLAS,$257.96
LT-PLCMT,$247.50
SUB-CLAS,$245.12
SUB-CLAS,$236.92
SUB-CLAS,$235.56
SUB-CLAS,$209.40
SUB-CLAS,$202.50
SUP-ATHL,$200.00
LT-PLCMT,$195.00
SUB-CLAS,$186.40
SUB-CLAS,$184.50
SUB-CLAS,$180.00
SUB-CLAS,$174.84
SUB-CLAS,$174.50
SUB-CLAS,$170.87
SUB-CLAS,$164.00
ESC-CLAS,$164.00
SUB-CLAS,$160.85
SUB-CLAS,$155.00
SUB-CLAS,$155.00
SUB-CLAS,$155.00
SUB-CLAS; SUP-ATHL,$153.75
SUB-CLAS,$146.08
ESC-CLAS,$141.52
SUB-CLAS,$123.00
SUB-CLAS,$116.29
SUP-ATHL,$101.25
SUB-CLAS,$90.95
SUB-CLAS,$90.24
SUB-CLAS,$82.00
SUB-CLAS,$76.88
SUB-CLAS,$76.03
SUB-CLAS,$74.56
SUB-CLAS,$72.76
SUB-CLAS,$69.80
SUB-CLAS,$52.35
SUB-CLAS,$51.46
SUB-CLAS,$25.63
